僐乕僪,柫暱柤
130A,倁倕倰倝倲倎倱丂俬値丂俽倝倢倝們倧
131A,俠俠俶僌儖乕僾
132A,傾僀僄僰儂乕儖僨傿儞僌僗
133A,僌儘乕僶儖倃丂挻抁婜暷崙嵚丂俤俿俥
134A,傾僾儔僀僘
135A,倁俼俙俬俶丂俽倧倢倳倲倝倧値
136A,嶰嫽彜帠
137A,俠倧們倧倢倝倴倕
138A,岝僼乕僪僒乕價僗
139A,搶擔杮抧強
140A,倝俥倰倕倕俤俿俥丂暷崙侾侽擭崙嵚愭暔僀儞僶乕僗
141A,僩儔僀傾儖儂乕儖僨傿儞僌僗
142A,僕儞僕僽
143A,僀僔儞
144A,僄僱儖僊乕僷儚乕
145A,俴丂倝倱丂俛
146A,僐儘儞價傾丒儚乕僋僗
147A,僜儔僐儉
148A,僴僢僠丒儚乕僋
149A,僔儞僇
150A,俰俽俫
151A,僟僀僽
152A,僆僾僥傿
153A,僇僂儕僗
154A,俧俙俬俙
155A,忣曬愴棯僥僋僲儘僕乕
156A,儅僥儕傾儖僌儖乕僾
157A,僌儕乕儞儌儞僗僞乕
158A,僄僋僙儕
159A,俶俤倃俿丂俥倀俶俢俽丂俰俹倃僾儔僀儉侾俆侽巜悢楢摦宆忋応搳怣
160A,傾僘僷乕僩僫乕僘
161A,嶰梩
162A,俙俬僙儗僋僩儊僈僩儗儞僪丂擔杮姅乮僱僢僩儕僞乕儞乯俤俿俶
163A,敿摫懱僼僅乕僇僗丂擔杮姅乮僱僢僩儕僞乕儞乯俤俿俶
164A,傾僢僾儖僷乕僋
165A,俽俛俬儗僆僗傂傆傒
166A,僞僗僉儂乕儖僨傿儞僌僗
167A,儕儑乕僒儞旽梞儂乕儖僨傿儞僌僗
168A,僀僞儈傾乕僩
170A,俽俵俿丂俤俿俥擔杮岲攝摉姅傾僋僥傿僽
171A,僛儘僕儍僷儞
172A,僱僆儂乕儉
173A,僴儞儌僢僋
175A,倂倝倢倢丂俽倣倎倰倲
176A,儗僕儖
177A,僐乕僕儞僶僀僆
178A,僌儘乕僶儖倃丂妚怴揑桪椙婇嬈丂俤俿俥
179A,僌儘乕僶儖倃丂挻挿婜暷崙嵚丂俤俿俥乮堊懼僿僢僕偁傝乯
180A,僌儘乕僶儖倃丂挻挿婜暷崙嵚丂俤俿俥
181A,俵俙倃俬俽暷崙崙嵚侾亅俁擭忋応搳怣乮堊懼僿僢僕側偟乯
182A,俵俙倃俬俽暷崙崙嵚俀侽擭挻忋応搳怣乮堊懼僿僢僕側偟乯
183A,俵俙倃俬俽暷崙崙嵚俀侽擭挻忋応搳怣乮堊懼僿僢僕偁傝乯
184A,妛傃僄僀僪
185A,儕僒僀僋儖僥僢僋丒僕儍僷儞
186A,傾僗僩儘僗働乕儖儂乕儖僨傿儞僌僗
188A,僌儘乕僶儖倃丂僀儞僪丒僩僢僾侾侽亄丂俤俿俥
189A,俢仌俵僇儞僷僯乕
190A,俠倛倧倰倓倝倎丂俿倛倕倰倎倫倕倳倲倝們倱
191A,儈儌僓
192A,僀儞僥僌儖乕僾
194A,倂俷俴倁俤俽丂俫俙俶俢
195A,俵倀俽俠俙俿丂俧俼俷倀俹
196A,俵俥俽
197A,僞僂儞僘
198A,俹倧倱倲俹倰倝倣倕
199A,儊僨傿僄傾
200A,俶俤倃俿丂俥倀俶俢俽丂擔宱敿摫懱姅巜悢楢摦宆忋応搳怣
201A,倝僔僃傾乕僘丂俶倝倖倲倷丂俆侽丂僀儞僪姅丂俤俿俥
202A,摛憼僨僕僞儖儂乕儖僨傿儞僌僗
203A,僔儏儞價儞
204A,僞僀儓乕僷僢働乕僕
205A,儘僑僗儂乕儖僨傿儞僌僗
206A,俹俼俬俽俵丂俛倝倧俴倎倐
207A,儔僀僕儞僌僐乕億儗乕僔儑儞
208A,峔憿寁夋尋媶強儂乕儖僨傿儞僌僗
209A,彫栰扟婡岺
210A,倝俥倰倕倕俤俿俥丂擔宱崅棙夞傝俼俤俬俿巜悢
211A,僇僪僗丒僐乕億儗乕僔儑儞
212A,僼傿僢僩僀乕僕乕
213A,忋応僀儞僨僢僋僗僼傽儞僪擔宱敿摫懱姅
215A,僞僀儈乕
216A,儔僀僼僋儕僄僀僩
217A,僒億乕僩
218A,俴倝倐倕倰倎倵倎倰倕
219A,俫倕倎倰倲倱倕倕倓
220A,俥倎倐倕倰丂俠倧倣倫倎値倷
221A,俵俙倃俬俽擔宱敿摫懱姅忋応搳怣
222A,俶俬俠俽
223A,僌儘乕僶儖倃丂俙俬仌價僢僌僨乕僞丂俤俿俥
224A,僌儘乕僶儖倃丂僂儔僯僂儉價僕僱僗丂俤俿俥
226A,彑旤僕儍僷儞
227A,俬俶俽俬俧俫俿丂俴俙俛
228A,僆僾儘
229A,傾僗儈儂乕儖僨傿儞僌僗
233A,倝俥倰倕倕俤俿俥丂僀儞僪俶倝倖倲倷俆侽
234A,僌儘乕僶儖倃丂俵俽俠俬丂僉儍僢僔儏僼儘乕僉儞僌亅擔杮姅幃丂俤俿俥
235A,僌儘乕僶儖倃丂崅攝摉俁侽亅擔杮姅幃丂俤俿俥
236A,倝僔僃傾乕僘丂擔杮崙嵚俈亅侾侽擭丂俤俿俥
237A,倝僔僃傾乕僘丂暷崙嵚俀俆擭挻丂儘儞僌僨儏儗乕僔儑儞丂俤俿俥
238A,倝僔僃傾乕僘丂暷崙嵚俀俆擭挻丂儘儞僌僨儏儗乕僔儑儞丂俤俿俥乮堊懼僿僢僕偁傝乯
239A,僶儗僢僌僗
241A,俼俷倃倃
243A,僩僢僾僗
244A,僌儘乕僗僄僋僗僷乕僩僫乕僘
245A,俬俶俧俽
246A,傾僗傾
247A,俙倝儘儃僥傿僋僗
248A,僉僢僘僗僞乕
249A,僸儏乕儅儞傾僕儍僗僩
250A,僔儅僟儎
251A,僯儏乕儘儅僕僢僋
252A,僂僃僢僕
253A,俤俿俽僌儖乕僾
254A,俙俬僼儏乕僕儑儞僉儍僺僞儖僌儖乕僾
255A,僕乕僄儖僥僋僲儂乕儖僨傿儞僌僗
256A,旘搰儂乕儖僨傿儞僌僗
257A,俽俵俿丂俤俿俥擔杮姅尩慖搳帒傾僋僥傿僽
258A,俽俵俿丂俤俿俥崙撪儕乕僩尩慖搳帒傾僋僥傿僽
261A,擔悈僐儞
262A,僀儞僞乕儊僗僥傿僢僋
263A,僨僕僞儖僉儏乕僽
264A,俽們倛倧倧
265A,俫倣們倧倣倣
266A,僌儘乕僇儖儅乕働僥傿儞僌
267A,僩儚儔僀僘
268A,儕僈僋丒儂乕儖僨傿儞僌僗
269A,俽倎倫倕倕倲
271A,傾僋僙儕傾
273A,俽俛俬丂僒僂僕傾儔價傾姅幃忋応搳怣
274A,僈乕僨儞
275A,僴儞儚儂乕儉僘
276A,僋僋儗僽丒傾僪僶僀僓乕僘
277A,僌儘乕價儞僌
278A,俿倕倰倰倎丂俢倰倧値倕
279A,僀儞僞乕僌
280A,俿俵俫
281A,僀儞僼僅儊僥傿僗
282A,僌儘乕僶儖倃丂敿摫懱丒僩僢僾侾侽亅擔杮姅幃丂俤俿俥
283A,僌儘乕僶儖倃丂倀俽丂僥僢僋丒攝摉婱懓丂俤俿俥
284A,僼僋儎寶愝
285A,僉僆僋僔傾儂乕儖僨傿儞僌僗
286A,儐僇儕傾
287A,崟揷僌儖乕僾
288A,儔僋僒僗丒僥僋僲儘僕乕僘
290A,俽倷値倱倫倕們倲倝倴倕
291A,儕僗僉儖
292A,僄僗傾僀僀乕
293A,俛俙俛倄丂俰俷俛
294A,俶俤倃俿丂俥倀俶俢俽丂俵俽俠俬僕儍僷儞婥岓曄摦巜悢乮僙儗僋僩乯楢摦宆忋応搳怣
295A,俷値倕丂俤俿俥丂俥俿俽俤丒僒僂僕傾儔價傾丒僀儞僨僢僋僗
296A,椷榓傾僇僂儞僥傿儞僌丒儂乕儖僨傿儞僌僗
297A,傾儖僺僐儂乕儖僨傿儞僌僗
298A,俧倁俙丂俿俤俠俫
299A,倓倕倢倷
300A,俵俬俠
301A,僀儞僨僢僋僗
302A,價乕僗僞僀儖儂乕儖僨傿儞僌僗
303A,倴倝倱倳倣倧
304A,僼僅儖僔傾
305A,僟僽儖僣儕乕
307A,僴僂僕儞僌丒僗僞僢僼
308A,傐偡偲傔偄偲儂乕儖僨傿儞僌僗
309A,僐僗儌僗挷嵻
310A,僒乕僥傿乕僼僅乕
311A,俶俹俿
312A,僔儞僐乕儂乕儖僨傿儞僌僗
313A,倝僔僃傾乕僘丂俽仌俹丂俆侽侽丂僩僢僾丂俀侽丂俤俿俥
314A,倝僔僃傾乕僘丂僑乕儖僪丂俤俿俥
315A,僌儘乕僶儖倃丂嬧峴丂崅攝摉亅擔杮姅幃丂俤俿俥
316A,倝俥倰倕倕俤俿俥丂俥俙俶俧亄
317A,僄僗丒僄儉丒僄僗丒僨乕僞僥僢僋
318A,倁俬倃抁婜愭暔巜悢俤俿俥
319A,媄弍彸宲婡峔
320A,俢仌俬
321A,僸儏乕儅儞僗僥乕僕儂乕儖僨傿儞僌僗
322A,僸儊僕棟壔
323A,僼儔僀儎乕
324A,僽僢僉儞僌儕僝乕僩
325A,俿俤俶俿俬俙俴
326A,倎倕倰倧丂倢倎倐丂倝値倲倕倰値倎倲倝倧値倎倢
328A,僌儘乕僶儖倃丂僾儔僀僔儞僌僷儚乕丒儕乕僟乕僘亅擔杮姅幃丂俤俿俥
329A,僕乕儖傾僜僔僄僀僣
330A,俿倎倢倕値倲倃
331A,儊僨傿僢僋僗
332A,儈乕僋
333A,僥僋僲僗儅僀儖
334A,價僕儏傾儖丒僾儘僙僢僔儞僌丒僕儍僷儞
335A,儈儔僀儘
336A,僟僀僫儈僢僋儅僢僾僾儔僢僩僼僅乕儉
338A,倅倕値倣倳俿倕們倛
339A,僾儘僌儗僗丒僥僋僲儘僕乕僘丂僌儖乕僾
340A,僕僌僓僌
341A,僩儓僐乕
343A,俬俙俠俤僩儔儀儖
345A,崅攝摉惉挿丂擔杮姅乮僱僢僩儕僞乕儞乯俤俿俶
346A,俶俤倃俿丂俥倀俶俢俽丂俽仌俹丂俆侽侽丂敿摫懱丒敿摫懱惢憿憰抲俁俆亾僉儍僢僾巜悢楢摦宆忋応搳怣
347A,俧俼俷倂俿俫丂俹俷倂俤俼
348A,俵俙倃俬俽撉攧俁俁俁擔杮姅忋応搳怣
349A,俽俵俢俙俵丂俙們倲倝倴倕丂俤俿俥丂擔杮僌儘乕僗姅幃
350A,僨僕僞儖僌儕僢僪
351A,傾僋僔僗俬俿僷乕僩僫乕僘
352A,俴俷俬倁俤
354A,倝俥倰倕倕俤俿俥丂僽儖乕儉僶乕僌擔杮姅崅攝摉俆侽巜悢
355A,僫僂價儗僢僕
356A,僌儘乕僶儖倃丂俽仌俹俆侽侽丂僉儍僢僔儏僼儘乕丒僩僢僾侾侽侽丂俤俿俥
357A,僄僼傾儞僪僄僼
358A,僛儞丒儔儞僪
359A,俶俤倃俿丂俽俿俙俧俤
360A,搶徹俼俤俬俿丂俠倧倰倕丂俤俿俥
361A,儕價儞僌僴僂僗
362A,僄僋僔僆儂乕儖僨傿儞僌僗
363A,倝俥倰倕倕俤俿俥丂塸崙俥俿俽俤侾侽侽
364A,俶俤倃俿丂俥倀俶俢俽丂俽仌俹丂俆侽侽丂攝摉婱懓巜悢楢摦宆忋応搳怣
365A,埳郪僞僆儖
366A,僂僃儖僱僗丒僐儈儏僯働乕僔儑儞僘
367A,僾儕儌僌儘乕僶儖儂乕儖僨傿儞僌僗
368A,杒棦僐乕億儗乕僔儑儞
369A,僄乕僞僀
370A,儕僶僀僽儖
371A,僨乕僕乕僱僢僩
372A,儗儞僩
373A,儕僢僾僗
374A,旙岥憤崌尋媶強
375A,倄俙俲儂乕儖僨傿儞僌僗
376A,俶俤倃俿丂俥倀俶俢俽丂僽儖乕儉僶乕僌暷崙崙嵚乮俈亅侾侽擭乯僀儞僨僢僋僗乮俈俆亾堊懼僿僢僕偁傝乯楢摦宆忋応搳怣
378A,僸僢僩
379A,僌儘乕僶儖倃丂俽仌俹俆侽侽丂俤俿俥乮僟僀僫儈僢僋丒僾儘僥僋僔儑儞乯
380A,僌儘乕僶儖倃丂僠儍僀僫僥僢僋丂俤俿俥
381A,倝俥倰倕倕俤俿俥丂暷崙崙嵚俁亅俆擭乮堊懼僿僢僕側偟乯
382A,倝俥倰倕倕俤俿俥丂暷崙崙嵚俁亅俆擭乮堊懼僿僢僕偁傝乯
383A,俵俙倃俬俽丂俽仌俹俆侽侽嬒摍僂僃僀僩忋応搳怣
385A,嶳杮捠嶻
386A,傒偺傗
387A,僼儔乕
389A,敧岝僆乕僩儊乕僔儑儞
392A,倝僔僃傾乕僘丂俶俙俽俢俙俻丂僩僢僾丂俁侽丂俤俿俥
393A,俼倝倲倎倃
394A,嬈奅夵妚尩慖俤俿俥僥儗價嬈奅
395A,嬈奅夵妚尩慖俤俿俥抧嬧
396A,嬈奅夵妚尩慖俤俿俥丂俼俤俬俿僀儀儞僩丒僪儕僽儞
398A,儕傾儖僋僆儕僥傿
399A,忋応僀儞僨僢僋僗僼傽儞僪擔宱暯嬒崅攝摉姅俆侽
401A,夃儢娭儂僥儖儕乕僩搳帒朄恖
402A,傾僋僙儖僗儁乕僗儂乕儖僨傿儞僌僗
403A,杒瀶慻
404A,僌儘乕僶儖倃丂僠儍僀僫僥僢僋丒僩僢僾侾侽丂俤俿俥
405A,僐儎儅丒儈儔僀僄
407A,倀俶俬俠俷俶儂乕儖僨傿儞僌僗
408A,倝僔僃傾乕僘丂俙俬丂僌儘乕僶儖丒僀僲儀乕僔儑儞丂傾僋僥傿僽丂俤俿俥
409A,僆儕僆儞價乕儖
410A,俧俵俷僐儅乕僗
411A,擔杮儅儕僞僀儉僶儞僋
412A,俶俤倃俿丂俥倀俶俢俽丂俿俬俹丂俥倎們倲俽倕倲丂戜榩僀僲儀僀僥傿僽丒僥僋僲儘僕乕俆侽巜悢楢摦宆忋応搳怣
413A,倝俥倰倕倕俤俿俥丂僉儍僙僀戜榩僥僢僋儕乕僟乕巜悢
419A,儔儞僌儘乕僽
424A,僌儘乕僶儖倃丂僑乕儖僪丂俤俿俥乮堊懼僿僢僕偁傝乯
425A,僌儘乕僶儖倃丂僑乕儖僪丂俤俿俥
1301,嬌梞
1305,倝俥倰倕倕俤俿俥丂俿俷俹俬倃乮擭侾夞寛嶼宆乯
1306,俶俤倃俿丂俥倀俶俢俽丂俿俷俹俬倃楢摦宆忋応搳怣
1308,忋応僀儞僨僢僋僗僼傽儞僪俿俷俹俬倃
1309,俶俤倃俿丂俥倀俶俢俽丂俠倛倝値倎俙俵俠丒拞崙姅幃丒忋徹俆侽楢摦宆忋応搳怣
1311,俶俤倃俿丂俥倀俶俢俽丂俿俷俹俬倃丂俠倧倰倕丂俁侽楢摦宆忋応搳怣
1319,俶俤倃俿丂俥倀俶俢俽丂擔宱俁侽侽姅壙巜悢楢摦宆忋応搳怣
1320,倝俥倰倕倕俤俿俥丂擔宱俀俀俆乮擭侾夞寛嶼宆乯
1321,俶俤倃俿丂俥倀俶俢俽丂擔宱俀俀俆楢摦宆忋応搳怣
1322,忋応僀儞僨僢僋僗僼傽儞僪拞崙俙姅乮僷儞僟乯俤丂俥倳値倓丂俠俽俬俁侽侽
1325,俶俤倃俿丂俥倀俶俢俽丂僽儔僕儖姅幃巜悢丒儃儀僗僷楢摦宆忋応搳怣
1326,俽俹俢俼僑乕儖僪丒僔僃傾
1328,俶俤倃俿丂俥倀俶俢俽丂嬥壙奿楢摦宆忋応搳怣
1329,倝僔僃傾乕僘丒僐傾丂擔宱俀俀俆丂俤俿俥
1330,忋応僀儞僨僢僋僗僼傽儞僪俀俀俆
1332,僯僢僗僀
1333,儅儖僴僯僠儘
1343,俶俤倃俿丂俥倀俶俢俽丂搶徹俼俤俬俿丂巜悢楢摦宆忋応搳怣
1345,忋応僀儞僨僢僋僗僼傽儞僪俰儕乕僩乮搶徹俼俤俬俿巜悢乯妘寧暘攝宆
1346,俵俙倃俬俽丂擔宱俀俀俆忋応搳怣
1348,俵俙倃俬俽丂僩僺僢僋僗忋応搳怣
1349,俙俛俥斈傾僕傾嵚寯僀儞僨僢僋僗丒僼傽儞僪
1356,俿俷俹俬倃儀傾俀攞忋応搳怣
1357,俶俤倃俿丂俥倀俶俢俽丂擔宱暯嬒僟僽儖僀儞僶乕僗丒僀儞僨僢僋僗楢摦宆忋応搳怣
1358,忋応僀儞僨僢僋僗僼傽儞僪擔宱儗僶儗僢僕巜悢
1360,擔宱暯嬒儀傾俀攞忋応搳怣
1364,倝僔僃傾乕僘丂俰俹倃擔宱係侽侽丂俤俿俥
1365,倝俥倰倕倕俤俿俥丂擔宱暯嬒儗僶儗僢僕丒僀儞僨僢僋僗
1366,倝俥倰倕倕俤俿俥丂擔宱暯嬒僟僽儖僀儞僶乕僗丒僀儞僨僢僋僗
1367,倝俥倰倕倕俤俿俥丂俿俷俹俬倃儗僶儗僢僕乮俀攞乯巜悢
1368,倝俥倰倕倕俤俿俥丂俿俷俹俬倃僟僽儖僀儞僶乕僗乮亅俀攞乯巜悢
1369,俷値倕丂俤俿俥丂擔宱俀俀俆
1375,儐僉僌僯僼傽僋僩儕乕
1376,僇僱僐庬昪
1377,僒僇僞偺僞僱
1379,儂僋僩
1380,廐愳杚墍
1381,傾僋僔乕僘
1382,儂乕僽
1383,儀儖僌傾乕僗
1384,儂僋儕儓僂
1397,俽俵俢俙俵丂擔宱俀俀俆忋応搳怣
1398,俽俵俢俙俵丂搶徹俼俤俬俿巜悢忋応搳怣
1399,忋応僀儞僨僢僋僗僼傽儞僪俵俽俠俬擔杮姅崅攝摉掅儃儔僥傿儕僥傿
1401,僄儉價乕僄僗
1407,僂僄僗僩儂乕儖僨傿儞僌僗
1414,僔儑乕儃儞僪儂乕儖僨傿儞僌僗
1417,儈儔僀僩丒儚儞
1418,僀儞僞乕儔僀僼儂乕儖僨傿儞僌僗
1419,僞儅儂乕儉
1420,僒儞儓乕儂乕儉僘
1429,擔杮傾僋傾
1430,僼傽乕僗僩僐乕億儗乕僔儑儞
1431,俴倝倐丂倂倧倰倠
1432,摦椡
1433,儀僗僥儔
1434,俰俤俽俠俷儂乕儖僨傿儞僌僗
1435,倰倧倐倧倲丂倛倧倣倕
1436,僌儕乕儞僄僫僕乕仌僇儞僷僯乕
1438,婒晫憿墍
1443,媄尋儂乕儖僨傿儞僌僗
1444,僯僢僜僂
1445,傂偐傝儂乕儖僨傿儞僌僗
1446,僉儍儞僨傿儖
1447,俽俙俙俥儂乕儖僨傿儞僌僗
1450,俿俙俶俙俲俤俶
1452,墶昹儔僀僩岺嬈
1456,倝俥倰倕倕俤俿俥丂擔宱暯嬒僀儞僶乕僗丒僀儞僨僢僋僗
1457,倝俥倰倕倕俤俿俥丂俿俷俹俬倃僀儞僶乕僗乮亅侾攞乯巜悢
1458,妝揤俤俿俥乚擔宱儗僶儗僢僕巜悢楢摦宆
1459,妝揤俤俿俥乚擔宱僟僽儖僀儞僶乕僗巜悢楢摦宆
1466,倝俥倰倕倕俤俿俥丂俰俹倃擔宱係侽侽僟僽儖僀儞僶乕僗丒僀儞僨僢僋僗
1469,俰俹倃擔宱係侽侽儀傾俀攞忋応搳怣乮僟僽儖僀儞僶乕僗乯
1472,俶俤倃俿丂俥倀俶俢俽丂俰俹倃擔宱係侽侽僟僽儖僀儞僶乕僗丒僀儞僨僢僋僗楢摦宆忋応搳怣
1473,俷値倕丂俤俿俥丂僩僺僢僋僗
1474,俷値倕丂俤俿俥丂俰俹倃擔宱係侽侽
1475,倝僔僃傾乕僘丒僐傾丂俿俷俹俬倃丂俤俿俥
1476,倝僔僃傾乕僘丒僐傾丂俰儕乕僩丂俤俿俥
1477,倝僔僃傾乕僘丂俵俽俠俬丂擔杮姅嵟彫暘嶶丂俤俿俥
1478,倝僔僃傾乕僘丂俵俽俠俬丂僕儍僷儞崅攝摉棙夞傝丂俤俿俥
1479,倝俥倰倕倕俤俿俥丂俵俽俠俬擔杮姅恖嵽愝旛搳帒巜悢
1480,俶俤倃俿丂俥倀俶俢俽丂栰懞婇嬈壙抣暘攝巜悢楢摦宆忋応搳怣
1481,忋応僀儞僨僢僋僗僼傽儞僪擔杮宱嵪峷專姅
1482,倝僔僃傾乕僘丒僐傾丂暷崙嵚俈亅侾侽擭丂俤俿俥乮堊懼僿僢僕偁傝乯
1483,倝僔僃傾乕僘丂俰俹倃乛俽仌俹愝旛丒恖嵽搳帒丂俤俿俥
1484,俷値倕丂俤俿俥丂俰俹倃乛俽仌俹丂愝旛丒恖嵽搳帒巜悢
1485,俵俙倃俬俽丂俰俙俹俙俶丂愝旛丒恖嵽愊嬌搳帒婇嬈俀侽侽忋応搳怣
1486,忋応僀儞僨僢僋僗僼傽儞僪暷崙嵚寯乮堊懼僿僢僕側偟乯
1487,忋応僀儞僨僢僋僗僼傽儞僪暷崙嵚寯乮堊懼僿僢僕偁傝乯
1488,倝俥倰倕倕俤俿俥丂搶徹俼俤俬俿巜悢
1489,俶俤倃俿丂俥倀俶俢俽丂擔宱暯嬒崅攝摉姅俆侽巜悢楢摦宆忋応搳怣
1490,忋応僀儞僨僢僋僗僼傽儞僪俵俽俠俬擔杮姅崅攝摉掅儃儔僥傿儕僥傿乮兝僿僢僕乯
1491,拞奜峼嬈
1493,俷値倕丂俤俿俥丂俰俹倃擔宱拞彫宆
1494,俷値倕丂俤俿俥丂崅攝摉擔杮姅
1495,忋応僀儞僨僢僋僗僼傽儞僪傾僕傾儕乕僩
1496,倝僔僃傾乕僘丂暷僪儖寶偰搳帒揔奿幮嵚丂俤俿俥乮堊懼僿僢僕偁傝乯
1497,倝僔僃傾乕僘丂暷僪儖寶偰僴僀僀乕儖僪幮嵚丂俤俿俥乮堊懼僿僢僕偁傝乯
1498,俷値倕丂俤俿俥丂俤俽俧
1499,俵俙倃俬俽擔杮姅崅攝摉俈侽儅乕働僢僩僯儏乕僩儔儖忋応搳怣
1514,廧愇儂乕儖僨傿儞僌僗
1515,擔揝峼嬈
1518,嶰堜徏搰儂乕儖僨傿儞僌僗
1540,弮嬥忋応怣戸乮尰暔崙撪曐娗宆乯
1541,弮僾儔僠僫忋応怣戸乮尰暔崙撪曐娗宆乯
1542,弮嬧忋応怣戸乮尰暔崙撪曐娗宆乯
1543,弮僷儔僕僂儉忋応怣戸乮尰暔崙撪曐娗宆乯
1545,俶俤倃俿丂俥倀俶俢俽丂俶俙俽俢俙俻亅侾侽侽乮堊懼僿僢僕側偟乯楢摦宆忋応搳怣
1546,俶俤倃俿丂俥倀俶俢俽丂僟僂丒僕儑乕儞僘岺嬈姅俁侽庬暯嬒姅壙乮堊懼僿僢僕側偟乯楢摦宆忋応搳怣
1547,忋応僀儞僨僢僋僗僼傽儞僪暷崙姅幃乮俽仌俹俆侽侽乯
1550,俵俙倃俬俽丂奀奜姅幃乮俵俽俠俬僐僋僒僀乯忋応搳怣
1551,搶徹僗僞儞僟乕僪俿俷俹俀侽俤俿俥
1554,忋応僀儞僨僢僋僗僼傽儞僪悽奅姅幃乮俵俽俠俬丂俙俠倂俬乯彍偔擔杮
1555,忋応僀儞僨僢僋僗僼傽儞僪崑廈儕乕僩乮俽仌俹乛俙俽倃俀侽侽丂俙亅俼俤俬俿乯
1557,俽俹俢俼丂俽仌俹俆侽侽丂俤俿俥
1559,俶俤倃俿丂俥倀俶俢俽丂僞僀姅幃俽俤俿俆侽巜悢楢摦宆忋応搳怣
1560,俶俤倃俿丂俥倀俶俢俽丂俥俿俽俤僽儖僒丒儅儗乕僔傾俲俴俠俬楢摦宆忋応搳怣
1563,搶徹僌儘乕僗丒僐傾俤俿俥
1566,忋応僀儞僨僢僋僗僼傽儞僪怴嫽崙嵚寯
1568,俿俷俹俬倃僽儖俀攞忋応搳怣
1569,俿俷俹俬倃儀傾忋応搳怣
1570,俶俤倃俿丂俥倀俶俢俽丂擔宱暯嬒儗僶儗僢僕丒僀儞僨僢僋僗楢摦宆忋応搳怣
1571,俶俤倃俿丂俥倀俶俢俽丂擔宱暯嬒僀儞僶乕僗丒僀儞僨僢僋僗楢摦宆忋応搳怣
1572,拞崙俫姅僽儖俀攞忋応搳怣
1573,拞崙俫姅儀傾忋応搳怣
1577,俶俤倃俿丂俥倀俶俢俽丂栰懞擔杮姅崅攝摉俈侽楢摦宆忋応搳怣
1578,忋応僀儞僨僢僋僗僼傽儞僪擔宱俀俀俆乮儈僯乯
1579,擔宱暯嬒僽儖俀攞忋応搳怣
1580,擔宱暯嬒儀傾忋応搳怣
1585,倝俥倰倕倕俤俿俥丂俿俷俹俬倃丂俤倶亅俥倝値倎値們倝倎倢倱
1586,忋応僀儞僨僢僋僗僼傽儞僪俿俷俹俬倃丂俤倶亅俥倝値倎値們倝倎倢倱
1591,俶俤倃俿丂俥倀俶俢俽丂俰俹倃擔宱僀儞僨僢僋僗係侽侽楢摦宆忋応搳怣
1592,忋応僀儞僨僢僋僗僼傽儞僪俰俹倃擔宱僀儞僨僢僋僗係侽侽
1593,俵俙倃俬俽丂俰俹倃擔宱僀儞僨僢僋僗係侽侽忋応搳怣
1595,俶倅俙俵丂忋応搳怣丂搶徹俼俤俬俿巜悢
1596,俶倅俙俵丂忋応搳怣丂俿俷俹俬倃丂俤倶亅俥倝値倎値們倝倎倢倱
1597,俵俙倃俬俽丂俰儕乕僩忋応搳怣
1599,倝俥倰倕倕俤俿俥丂俰俹倃擔宱係侽侽
1605,俬俶俹俤倃
1615,俶俤倃俿丂俥倀俶俢俽丂搶徹嬧峴嬈姅壙巜悢楢摦宆忋応搳怣
1617,俶俤倃俿丂俥倀俶俢俽丂怘昳乮俿俷俹俬倃亅侾俈乯忋応搳怣
1618,俶俤倃俿丂俥倀俶俢俽丂僄僱儖僊乕帒尮乮俿俷俹俬倃亅侾俈乯忋応搳怣
1619,俶俤倃俿丂俥倀俶俢俽丂寶愝丒帒嵽乮俿俷俹俬倃亅侾俈乯忋応搳怣
1620,俶俤倃俿丂俥倀俶俢俽丂慺嵽丒壔妛乮俿俷俹俬倃亅侾俈乯忋応搳怣
1621,俶俤倃俿丂俥倀俶俢俽丂堛栻昳乮俿俷俹俬倃亅侾俈乯忋応搳怣
1622,俶俤倃俿丂俥倀俶俢俽丂帺摦幵丒桝憲婡乮俿俷俹俬倃亅侾俈乯忋応搳怣
1623,俶俤倃俿丂俥倀俶俢俽丂揝峾丒旕揝乮俿俷俹俬倃亅侾俈乯忋応搳怣
1624,俶俤倃俿丂俥倀俶俢俽丂婡夿乮俿俷俹俬倃亅侾俈乯忋応搳怣
1625,俶俤倃俿丂俥倀俶俢俽丂揹婡丒惛枾乮俿俷俹俬倃亅侾俈乯忋応搳怣
1626,俶俤倃俿丂俥倀俶俢俽丂忣曬捠怣丒僒乕價僗偦偺懠乮俿俷俹俬倃亅侾俈乯忋応搳怣
1627,俶俤倃俿丂俥倀俶俢俽丂揹椡丒僈僗乮俿俷俹俬倃亅侾俈乯忋応搳怣
1628,俶俤倃俿丂俥倀俶俢俽丂塣桝丒暔棳乮俿俷俹俬倃亅侾俈乯忋応搳怣
1629,俶俤倃俿丂俥倀俶俢俽丂彜幮丒壍攧乮俿俷俹俬倃亅侾俈乯忋応搳怣
1630,俶俤倃俿丂俥倀俶俢俽丂彫攧乮俿俷俹俬倃亅侾俈乯忋応搳怣
1631,俶俤倃俿丂俥倀俶俢俽丂嬧峴乮俿俷俹俬倃亅侾俈乯忋応搳怣
1632,俶俤倃俿丂俥倀俶俢俽丂嬥梈乮彍偔嬧峴乯乮俿俷俹俬倃亅侾俈乯忋応搳怣
1633,俶俤倃俿丂俥倀俶俢俽丂晄摦嶻乮俿俷俹俬倃亅侾俈乯忋応搳怣
1651,倝俥倰倕倕俤俿俥丂俿俷俹俬倃崅攝摉係侽巜悢
1652,倝俥倰倕倕俤俿俥丂俵俽俠俬擔杮姅彈惈妶桇巜悢乮倂俬俶乯
1653,倝俥倰倕倕俤俿俥丂俵俽俠俬僕儍僷儞俤俽俧僙儗僋僩丒儕乕僟乕僘巜悢
1654,倝俥倰倕倕俤俿俥丂俥俿俽俤丂俛倢倧倱倱倧倣丂俰倎倫倎値丂俬値倓倕倶
1655,倝僔僃傾乕僘丂俽仌俹丂俆侽侽丂暷崙姅丂俤俿俥
1656,倝僔僃傾乕僘丒僐傾丂暷崙嵚俈亅侾侽擭丂俤俿俥
1657,倝僔僃傾乕僘丒僐傾丂俵俽俠俬丂愭恑崙姅乮彍偔擔杮乯俤俿俥
1658,倝僔僃傾乕僘丒僐傾丂俵俽俠俬丂怴嫽崙姅丂俤俿俥
1659,倝僔僃傾乕僘丂暷崙儕乕僩丂俤俿俥
1660,俵俙倃俬俽崅棙夞傝俰儕乕僩忋応搳怣
1662,愇桘帒尮奐敪
1663,俲仌俷僄僫僕乕僌儖乕僾
1671,倂俿俬尨桘壙奿楢摦宆忋応搳怣
1672,倂倝倱倓倧倣俿倰倕倕丂嬥忋応搳帒怣戸
1673,倂倝倱倓倧倣俿倰倕倕丂嬧忋応搳帒怣戸
1674,倂倝倱倓倧倣俿倰倕倕丂敀嬥忋応搳帒怣戸
1675,倂倝倱倓倧倣俿倰倕倕丂僷儔僕僂儉忋応搳帒怣戸
1676,倂倝倱倓倧倣俿倰倕倕丂婱嬥懏僶僗働僢僩忋応搳帒怣戸
1677,忋応僀儞僨僢僋僗僼傽儞僪奀奜嵚寯乮俥俿俽俤丂倂俧俛俬乯枅寧暘攝宆
1678,俶俤倃俿丂俥倀俶俢俽丂僀儞僪姅幃巜悢丒俶倝倖倲倷丂俆侽丂楢摦宆忋応搳怣
1679,俽倝倣倫倢倕亅倃丂俶倄丂僟僂丒僕儑乕儞僘丒僀儞僨僢僋僗忋応搳怣
1680,忋応僀儞僨僢僋僗僼傽儞僪奀奜愭恑崙姅幃乮俵俽俠俬亅俲俷俲倀俽俙俬乯
1681,忋応僀儞僨僢僋僗僼傽儞僪奀奜怴嫽崙姅幃乮俵俽俠俬丂僄儅乕僕儞僌乯
1684,倂倝倱倓倧倣俿倰倕倕丂僽儘乕僪忋応搳帒怣戸
1685,倂倝倱倓倧倣俿倰倕倕丂僄僱儖僊乕忋応搳帒怣戸
1686,倂倝倱倓倧倣俿倰倕倕丂嶻嬈梡嬥懏忋応搳帒怣戸
1687,倂倝倱倓倧倣俿倰倕倕丂擾嶻暔忋応搳帒怣戸
1688,倂倝倱倓倧倣俿倰倕倕丂崚暔忋応搳帒怣戸
1689,倂倝倱倓倧倣俿倰倕倕丂揤慠僈僗忋応搳帒怣戸
1690,倂倝倱倓倧倣俿倰倕倕丂倂俿俬丂尨桘忋応搳帒怣戸
1691,倂倝倱倓倧倣俿倰倕倕丂僈僜儕儞忋応搳帒怣戸
1692,倂倝倱倓倧倣俿倰倕倕丂傾儖儈僯僂儉忋応搳帒怣戸
1693,倂倝倱倓倧倣俿倰倕倕丂摵忋応搳帒怣戸
1694,倂倝倱倓倧倣俿倰倕倕丂僯僢働儖忋応搳帒怣戸
1695,倂倝倱倓倧倣俿倰倕倕丂彫敒忋応搳帒怣戸
1696,倂倝倱倓倧倣俿倰倕倕丂偲偆傕傠偙偟忋応搳帒怣戸
1697,倂倝倱倓倧倣俿倰倕倕丂戝摛忋応搳帒怣戸
1698,忋応僀儞僨僢僋僗僼傽儞僪擔杮崅攝摉乮搶徹攝摉僼僅乕僇僗侾侽侽乯
1699,俶俤倃俿丂俥倀俶俢俽丂俶俷俵倀俼俙丂尨桘僀儞僨僢僋僗楢摦宆忋応搳怣
1711,俽俢俽儂乕儖僨傿儞僌僗
1712,僟僀僙僉娐嫬僜儕儏乕僔儑儞
1716,戞堦僇僢僞乕嫽嬈
1717,柧朙僼傽僔儕僥傿儚乕僋僗
1718,旤庽岺嬈
1719,埨摗丒娫
1720,搶媫寶愝
1721,僐儉僔僗儂乕儖僨傿儞僌僗
1723,擔杮揹媄
1724,僔儞僋儗僀儎
1726,價乕傾乕儖儂乕儖僨傿儞僌僗
1736,僆乕僥僢僋
1743,僐乕傾僣岺嬈
1758,懢梞婎慴岺嬈
1762,崅徏僐儞僗僩儔僋僔儑儞僌儖乕僾
1764,岺摗寶愝
1766,搶寶僐乕億儗乕僔儑儞
1768,僜僱僢僋
1770,摗揷僄儞僕僯傾儕儞僌
1773,儚僀丒僥傿乕丒僄儖丒僐乕億儗乕僔儑儞丒僶乕僴僢僪
1776,嶰堜廧寶摴楬
1780,儎儅僂儔
1783,倖倎値倲倎倱倝倱倲倎
1786,僆儕僄儞僞儖敀愇
1787,僫僇儃乕僥僢僋
1788,嶰搶岺嬈幮
1793,戝杮慻
1795,儅僒儖
1798,庣扟彜夛
1799,戞堦寶愝岺嬈
1801,戝惉寶愝
1802,戝椦慻
1803,惔悈寶愝
1807,嵅摗搉曈
1808,挿扟岺僐乕億儗乕僔儑儞
1810,徏堜寶愝
1811,鐰崅慻
1812,幁搰寶愝
1813,晄摦僥僩儔
1814,戝枛寶愝
1815,揝寶寶愝
1820,惣徏寶愝
1821,嶰堜廧桭寶愝
1822,戝朙寶愝
1826,嵅揷寶愝
1827,僫僇僲僼僪乕寶愝
1828,揷曈岺嬈
1833,墱懞慻
1835,搶揝岺嬈
1840,搚壆儂乕儖僨傿儞僌僗
1841,僒儞儐乕寶愝
1844,戝惙岺嬈
1847,僀僠働儞
1848,晉巑僺乕丒僄僗
1850,撿奀扖懞寶愝
1852,熐徖慻
1853,怷慻
1860,屗揷寶愝
1861,孎扟慻
1866,杒栰寶愝
1867,怉栘慻
1870,栴嶌寶愝岺嬈
1871,僺乕僄僗丒僐儞僗僩儔僋僔儑儞
1873,擔杮僴僂僗儂乕儖僨傿儞僌僗
1878,戝搶寶戸
1879,怴擔杮寶愝
1882,搶垷摴楬岺嬈
1884,擔杮摴楬
1885,搶垷寶愝岺嬈
1887,擔杮崙搚奐敪
1888,庒抸寶愝
1890,搶梞寶愝
1893,屲梞寶愝
1897,嬥壓寶愝
1898,悽婭搶媫岺嬈
1899,暉揷慻
1904,戝惉壏挷
1905,僥僲僢僋僗
1909,擔杮僪儔僀働儈僇儖
1911,廧桭椦嬈
1914,擔杮婎慴媄弍
1921,攂僐乕億儗乕僔儑儞
1925,戝榓僴僂僗岺嬈
1926,儔僀僩岺嬈
1928,愊悈僴僂僗
1929,擔摿寶愝
1930,杒棨揹婥岺帠
1934,儐傾僥僢僋
1938,擔杮儕乕僥僢僋
1939,巐揹岺
1941,拞揹岺
1942,娭揹岺
1944,偒傫偱傫
1945,搶嫗僄僱僔僗
1946,僩乕僄僱僢僋
1948,峅揹幮
1949,廧桭揹愝
1950,擔杮揹愝岺嬈
1951,僄僋僔僆僌儖乕僾
1952,怴擔杮嬻挷
1959,嬨揹岺
1960,僒儞僥僢僋
1961,嶰婡岺嬈
1963,擔婗儂乕儖僨傿儞僌僗
1964,拞奜楩岺嬈
1965,僥僋僲旽榓
1966,崅揷岺嬈強
1967,儎儅僩
1968,懢暯揹嬈
1969,崅嵒擬妛岺嬈
1972,嶰峎嬥懏岺嬈
1975,挬擔岺嬈幮
1976,柧惎岺嬈
1979,戝焼幮
1980,僟僀僟儞
1981,嫤榓擔惉
1982,擔斾扟憤崌愝旛
1992,恄揷捠怣婡
1994,崅嫶僇乕僥儞僂僅乕儖岺嬈
1997,嬇斞搰岺嬈
2001,僯僢僾儞
2002,擔惔惢暡僌儖乕僾杮幮
2003,擔搶晉巑惢暡
2004,徍榓嶻嬈
2009,捁墇惢暡
2011,俽俵俢俙俵丂俙們倲倝倴倕丂俤俿俥丂擔杮崅攝摉姅幃
2012,倝僔僃傾乕僘丂暷崙嵚侽亅俁儢寧丂俤俿俥
2013,倝僔僃傾乕僘丂暷崙崅攝摉姅丂俤俿俥
2014,倝僔僃傾乕僘丂暷崙楢懕憹攝姅丂俤俿俥
2015,倝俥倰倕倕俤俿俥丂暷崙崙嵚俈亅侾侽擭乮堊懼僿僢僕側偟乯
2016,倝俥倰倕倕俤俿俥丂暷崙崙嵚俈亅侾侽擭乮堊懼僿僢僕偁傝乯
2017,倝俥倰倕倕俤俿俥丂俰俹倃僾儔僀儉侾俆侽
2018,僌儘乕僶儖倃丂倀俽丂俼俤俬俿丒僩僢僾俀侽丂俤俿俥
2019,僌儘乕僶儖倃丂暷崙桪愭徹寯丂俤俿俥乮妘寧暘攝宆乯
2031,俶俤倃俿丂俶俷俿俤俽丂崄峘僴儞僙儞丒僟僽儖丒僽儖丂俤俿俶
2032,俶俤倃俿丂俶俷俿俤俽丂崄峘僴儞僙儞丒儀傾丂俤俿俶
2033,俶俤倃俿丂俶俷俿俤俽丂娯崙俲俷俽俹俬丒僟僽儖丒僽儖丂俤俿俶
2034,俶俤倃俿丂俶俷俿俤俽丂娯崙俲俷俽俹俬丒儀傾丂俤俿俶
2036,俶俤倃俿丂俶俷俿俤俽丂嬥愭暔丂僟僽儖丒僽儖丂俤俿俶
2037,俶俤倃俿丂俶俷俿俤俽丂嬥愭暔丂儀傾丂俤俿俶
2038,俶俤倃俿丂俶俷俿俤俽丂僪僶僀尨桘愭暔丂僟僽儖丒僽儖丂俤俿俶
2039,俶俤倃俿丂俶俷俿俤俽丂僪僶僀尨桘愭暔丂儀傾丂俤俿俶
2040,俶俤倃俿丂俶俷俿俤俽丂俶倄僟僂丒僟僽儖丒僽儖丒僪儖僿僢僕丂俤俿俶
2041,俶俤倃俿丂俶俷俿俤俽丂俶倄僟僂丒儀傾丒僪儖僿僢僕丂俤俿俶
2042,俶俤倃俿丂俶俷俿俤俽丂搶徹僌儘乕僗巗応俀俆侽丂俤俿俶
2043,俶俤倃俿丂俶俷俿俤俽丂俽俿俷倃倃丂傾僙傾儞岲攝摉俆侽乮墌丄僱僢僩儕僞乕儞乯俤俿俶
2044,俶俤倃俿丂俶俷俿俤俽丂俽仌俹俆侽侽丂攝摉婱懓乮僱僢僩儕僞乕儞乯丂俤俿俶
2045,俶俤倃俿丂俶俷俿俤俽丂俽仌俹丂僔儞僈億乕儖丂儕乕僩乮僱僢僩儕僞乕儞乯丂俤俿俶
2046,俶俤倃俿丂俶俷俿俤俽丂僀儞僪俶倝倖倲倷丒僟僽儖丒僽儖丂俤俿俶
2047,俶俤倃俿丂俶俷俿俤俽丂僀儞僪俶倝倖倲倷丒儀傾丂俤俿俶
2048,俶俤倃俿丂俶俷俿俤俽丂栰懞擔杮姅崅攝摉俈侽乮僪儖僿僢僕丄僱僢僩儕僞乕儞乯俤俿俶
2050,俶俤倃俿丂俶俷俿俤俽丂僯僢僠僩僢僾丂拞彫宆擔杮姅乮僱僢僩儕僞乕儞乯俤俿俶
2053,拞晹帞椏
2055,擔榓嶻嬈
2060,僼傿乕僪丒儚儞
2065,俶俤倃俿丂俶俷俿俤俽丂擔杮姅攝摉婱懓乮僪儖僿僢僕丄僱僢僩儕僞乕儞乯俤俿俶
2066,俶俤倃俿丂俶俷俿俤俽丂搶徹俼俤俬俿乮僪儖僿僢僕丄僱僢僩儕僞乕儞乯俤俿俶
2067,俶俤倃俿丂俶俷俿俤俽丂栰懞俙俬價僕僱僗俈侽乮僱僢僩儕僞乕儞乯俤俿俶
2068,俶俤倃俿丂俶俷俿俤俽丂崅儀乕僞俁侽乮僱僢僩儕僞乕儞乯俤俿俶
2069,俶俤倃俿丂俶俷俿俤俽丂掅儀乕僞俆侽乮僱僢僩儕僞乕儞乯俤俿俶
2070,僗儅乕僩俤俽俧俁侽彈惈妶桇乮僱僢僩儕僞乕儞乯俤俿俶
2071,僗儅乕僩俤俽俧俁侽憤崌乮僱僢僩儕僞乕儞乯俤俿俶
2072,僩僢僾僔僃傾僀儞僨僢僋僗乮僱僢僩儕僞乕儞乯俤俿俶
2073,僗儅乕僩俤俽俧俁侽掅僇乕儃儞儕僗僋乮僱僢僩儕僞乕儞乯俤俿俶
2080,俹俛俼侾攞妱傟夝徚悇恑俤俿俥
2081,惌嶔曐桳夝徚悇恑俤俿俥
2082,搳帒壠宱塩幰堦怱摨懱俤俿俥
2083,俶俤倃俿丂俥倀俶俢俽丂擔杮惉挿姅傾僋僥傿僽忋応搳怣
2084,俶俤倃俿丂俥倀俶俢俽丂擔杮崅攝摉姅傾僋僥傿僽忋応搳怣
2085,俵俙倃俬俽崅攝摉擔杮姅傾僋僥傿僽忋応搳怣
2086,俶倅俙俵丂忋応搳怣丂俽仌俹俆侽侽乮堊懼僿僢僕偁傝乯
2087,俶倅俙俵丂忋応搳怣丂俶俙俽俢俙俻侾侽侽乮堊懼僿僢僕偁傝乯
2088,俶倅俙俵丂忋応搳怣丂俶倄僟僂俁侽乮堊懼僿僢僕偁傝乯
2089,俶倅俙俵丂忋応搳怣丂俢俙倃乮堊懼僿僢僕偁傝乯
2090,俶倅俙俵丂忋応搳怣丂暷崙崙嵚俈亅侾侽擭乮堊懼僿僢僕偁傝乯
2091,俶倅俙俵丂忋応搳怣丂僪僀僣崙嵚俈亅侾侽擭乮堊懼僿僢僕偁傝乯
2092,俶倅俙俵丂忋応搳怣丂僼儔儞僗崙嵚俈亅侾侽擭乮堊懼僿僢僕偁傝乯
2093,忋応俿倰倎們倕倰倱丂暷崙嵚侽亅俀擭儔僟乕乮堊懼僿僢僕側偟乯
2094,搶徹俼俤俬俿僀儞僶乕僗俤俿俥
2095,僌儘乕僶儖倃丂俽仌俹俆侽侽攝摉婱懓丂俤俿俥乮堊懼僿僢僕偁傝乯
2096,僌儘乕僶儖倃丂僆僼傿僗丒俰亅俼俤俬俿丂俤俿俥
2097,僌儘乕僶儖倃丂儗僕僨儞僔儍儖丒俰亅俼俤俬俿丂俤俿俥
2098,僌儘乕僶儖倃丂儂僥儖仌儕僥乕儖丒俰亅俼俤俬俿丂俤俿俥
2108,擔杮揫嵷惢摐
2109,俢俵嶰堜惢摐
2112,墫悈峘惛摐
2114,僼僕擔杮
2117,僂僃儖僱僆僔儏僈乕
2120,俴俬俥倀俴俴
2121,俵俬倃俬
2122,僀儞僞乕僗儁乕僗
2124,僕僃僀僄僀僔乕儕僋儖乕僩儊儞僩
2127,擔杮俵仌俙僙儞僞乕儂乕儖僨傿儞僌僗
2130,儊儞僶乕僘
2134,杒昹僉儍僺僞儖僷乕僩僫乕僘
2136,僸僢僾
2138,僋儖乕僘
2139,拞峀
2146,倀俿僌儖乕僾
2148,傾僀僥傿儊僨傿傾
2150,働傾僱僢僩
2152,梒帣妶摦尋媶夛
2153,俤丒俰儂乕儖僨傿儞僌僗
2154,僆乕僾儞傾僢僾僌儖乕僾
2156,僙乕儔乕峀崘
2157,僐僔僟僇儂乕儖僨傿儞僌僗
2158,俥俼俷俶俿俤俷
2160,僕乕僄僰傾僀僌儖乕僾
2162,値倣倱丂儂乕儖僨傿儞僌僗
2163,傾儖僩僫乕
2164,抧堟怴暦幮
2168,僷僜僫僌儖乕僾
2169,俠俢俽
2170,儕儞僋傾儞僪儌僠儀乕僔儑儞
2173,攷揥
2175,僄僗丒僄儉丒僄僗
2179,惉妛幮
2180,僒僯乕僒僀僪傾僢僾僌儖乕僾
2181,僷乕僜儖儂乕儖僨傿儞僌僗
2183,儕僯僇儖
2185,僔僀僄儉丒僔僀
2186,僜乕僶儖
2193,僋僢僋僷僢僪
2195,傾儈僞儂乕儖僨傿儞僌僗
2196,僄僗僋儕
2198,傾僀丒働僀丒働僀儂乕儖僨傿儞僌僗
2201,怷塱惢壻
2204,拞懞壆
2206,峕嶈僌儕僐
2207,倣倕倝倲倧
2208,僽儖儃儞
2209,堜懞壆僌儖乕僾
2211,晄擇壠
2212,嶳嶈惢僷儞
2215,戞堦壆惢僷儞
2216,僇儞儘
2217,儌儘僝僼
2220,婽揷惢壻
2221,娾捤惢壻
2222,庻僗僺儕僢僣
2224,僐儌
2226,屛抮壆
2229,僇儖價乕
2235,忋応僀儞僨僢僋僗僼傽儞僪暷崙姅幃乮僟僂暯嬒乯堊懼僿僢僕側偟
2236,僌儘乕僶儖倃丂俽仌俹俆侽侽攝摉婱懓俤俿俥
2237,倝俥倰倕倕俤俿俥丂俽仌俹俆侽侽儗僶儗僢僕
2238,倝俥倰倕倕俤俿俥丂俽仌俹俆侽侽僀儞僶乕僗
2239,忋応僀儞僨僢僋僗僼傽儞僪俽仌俹俆侽侽愭暔儗僶儗僢僕俀攞
2240,忋応僀儞僨僢僋僗僼傽儞僪俽仌俹俆侽侽愭暔僀儞僶乕僗
2241,俵俙倃俬俽丂俶倄僟僂忋応搳怣
2242,俵俙倃俬俽丂俶倄僟僂忋応搳怣乮堊懼僿僢僕偁傝乯
2243,僌儘乕僶儖倃丂敿摫懱丂俤俿俥
2244,僌儘乕僶儖倃丂倀俽丂僥僢僋丒僩僢僾俀侽丂俤俿俥
2245,俶俤倃俿丂俥倀俶俢俽丂僽儖乕儉僶乕僌丒僪僀僣崙嵚乮俈亅侾侽擭乯僀儞僨僢僋僗乮堊懼僿僢僕偁傝乯楢摦宆忋応搳怣
2246,俶俤倃俿丂俥倀俶俢俽丂僽儖乕儉僶乕僌丒僼儔儞僗崙嵚乮俈亅侾侽擭乯僀儞僨僢僋僗乮堊懼僿僢僕偁傝乯楢摦宆忋応搳怣
2247,倝俥倰倕倕俤俿俥丂俽仌俹俆侽侽乮堊懼僿僢僕側偟乯
2248,倝俥倰倕倕俤俿俥丂俽仌俹俆侽侽乮堊懼僿僢僕偁傝乯
2249,倝俥倰倕倕俤俿俥丂俽仌俹俆侽侽僟僽儖僀儞僶乕僗
2250,倝僔僃傾乕僘丂俵俽俠俬丂僕儍僷儞婥岓曄摦傾僋僔儑儞丂俤俿俥
2251,俶俤倃俿丂俥倀俶俢俽丂俰俹倃崙嵚愭暔僟僽儖僀儞僶乕僗巜悢楢摦宆忋応搳怣
2252,僌儘乕僶儖倃丂俵倧倰値倝値倗倱倲倎倰丂暷崙拞彫宆丂俵倧倎倲丂俤俿俥
2253,僌儘乕僶儖倃丂僗乕僷乕僨傿價傿僨儞僪亅倀俽丂俤俿俥
2254,僌儘乕僶儖倃丂僠儍僀僫俤倁仌僶僢僥儕乕丂俤俿俥
2255,倝僔僃傾乕僘丂暷崙嵚俀侽擭挻丂俤俿俥
2256,倝僔僃傾乕僘丂暷崙憤崌嵚寯丂俤俿俥
2257,倝僔僃傾乕僘丂暷僪儖寶偰搳帒揔奿幮嵚丂俤俿俥
2258,倝僔僃傾乕僘丂暷僪儖寶偰僴僀僀乕儖僪幮嵚丂俤俿俥
2259,倝僔僃傾乕僘丂僼儔儞僗崙嵚俈亅侾侽擭丂俤俿俥乮堊懼僿僢僕偁傝乯
2264,怷塱擕嬈
2266,榋峛僶僞乕
2267,儎僋儖僩杮幮
2268,俛亅俼丂僒乕僥傿儚儞丂傾僀僗僋儕乕儉
2269,柧帯儂乕儖僨傿儞僌僗
2270,愥報儊僌儈儖僋
2281,僾儕儅僴儉
2282,擔杮僴儉
2286,椦寭嶻嬈
2288,娵戝怘昳
2291,暉棷僴儉
2292,俽丂俥倧倧倓倱
2293,戧戲僴儉
2294,奰埨杮揦
2296,埳摗僴儉暷媣儂乕儖僨傿儞僌僗
2300,偒傚偔偲偆
2301,妛忣
2303,僪乕儞
2304,俠俽俽儂乕儖僨傿儞僌僗
2305,僗僞僕僆傾儕僗
2307,僋儘僗僉儍僢僩
2311,僄僾僐
2315,俠俙俬俠俙丂俢俬俧俬俿俙俴
2317,僔僗僥僫
2321,僜僼僩僼儘儞僩儂乕儖僨傿儞僌僗
2323,倖倧値倖倳値
2325,俶俰俽
2326,僨僕僞儖傾乕僣
2327,擔揝僜儕儏乕僔儑儞僘
2329,搶杒怴幮
2330,僼僅乕僒僀僪
2331,俙俴俽俷俲
2332,僋僄僗僩
2334,僀僆儗
2335,僉儏乕僽僔僗僥儉
2337,偄偪偛
2338,僋僆儞僞儉僜儕儏乕僔儑儞僘
2340,嬌妝搾儂乕儖僨傿儞僌僗
2341,傾儖僶僀僩僞僀儉僗
2342,僩儔儞僗僕僃僯僢僋僌儖乕僾
2344,暯埨儗僀僒乕價僗
2345,僋僔儉
2349,僄僰傾僀僨僀
2351,俙俽俰
2353,擔杮挀幵応奐敪
2354,倄俤丂俢俬俧俬俿俙俴
2359,僐傾
2370,儊僨傿僱僢僩
2371,僇僇僋僐儉
2373,働傾俀侾
2374,僙儞僩働傾丒儂乕儖僨傿儞僌
2375,僊僌儚乕僋僗
2376,僒僀僱僢僋僗
2378,儖僱僒儞僗
2379,僨傿僢僾
2384,俽俛俽儂乕儖僨傿儞僌僗
2385,憤堛尋儂乕儖僨傿儞僌僗
2388,僂僃僢僕儂乕儖僨傿儞僌僗
2389,僨僕僞儖儂乕儖僨傿儞僌僗
2391,僾儔僱僢僩
2393,擔杮働傾僒僾儔僀
2395,怴擔杮壢妛
2404,揝恖壔儂乕儖僨傿儞僌僗
2408,俲俧忣曬
2410,僉儍儕傾僨僓僀儞僙儞僞乕
2411,僎儞僟僀僄乕僕僃儞僔乕
2413,僄儉僗儕乕
2415,僸儏乕儅儞儂乕儖僨傿儞僌僗
2418,僣僇僟丒僌儘乕僶儖儂乕儖僨傿儞僌
2424,僽儔僗
2425,働傾僒乕價僗
2428,僂僃儖僱僢僩
2429,儚乕儖僪儂乕儖僨傿儞僌僗
2432,僨傿乕丒僄僰丒僄乕
2433,攷曬摪俢倄儂乕儖僨傿儞僌僗
2435,僔僟乕
2436,嫟摨僺乕傾乕儖
2437,俽倛倝値倵倎丂倂倝倱倕丂俫倧倢倓倝値倗倱
2438,傾僗僇僱僢僩
2440,偖傞側傃
2445,僞僇儈儎
2449,僾儔僢僾僕儍僷儞
2452,僐儞僺儏乕僞儅僀儞僪
2454,僆乕儖傾僶僂僩
2459,傾僂儞僐儞僒儖僥傿儞僌
2461,僼傽儞僐儈儏僯働乕僔儑儞僘
2462,儔僀僋
2464,俙倧倐倎乚俛俛俿
2469,僸價僲
2471,僄僗僾乕儖
2475,倂俢俛儂乕儖僨傿儞僌僗
2477,庤娫偄傜偢
2479,僕僃僀僥僢僋
2480,僔僗僥儉丒儘働乕僔儑儞
2481,僞僂儞僯儏乕僗幮
2483,東栿僙儞僞乕
2484,弌慜娰
2485,僥傿傾
2488,俰俿俹
2489,傾僪僂僃僀僘
2491,僶儕儏乕僐儅乕僗
2492,僀儞僼僅儅乕僩
2493,僀乕僒億乕僩儕儞僋
2497,儐僫僀僥僢僪
2498,僆儕僄儞僞儖僐儞僒儖僞儞僣儂乕儖僨傿儞僌僗
2499,擔杮榓憰儂乕儖僨傿儞僌僗
2501,僒僢億儘儂乕儖僨傿儞僌僗
2502,傾僒僸僌儖乕僾儂乕儖僨傿儞僌僗
2503,僉儕儞儂乕儖僨傿儞僌僗
2510,俶俤倃俿丂俥倀俶俢俽丂崙撪嵚寯丒俶俷俵倀俼俙亅俛俹俬憤崌楢摦宆忋応搳怣
2511,俶俤倃俿丂俥倀俶俢俽丂奜崙嵚寯丒俥俿俽俤悽奅崙嵚僀儞僨僢僋僗乮彍偔擔杮丒堊懼僿僢僕側偟乯楢摦宆忋応搳怣
2512,俶俤倃俿丂俥倀俶俢俽丂奜崙嵚寯丒俥俿俽俤悽奅崙嵚僀儞僨僢僋僗乮彍偔擔杮丒堊懼僿僢僕偁傝乯楢摦宆忋応搳怣
2513,俶俤倃俿丂俥倀俶俢俽丂奜崙姅幃丒俵俽俠俬亅俲俷俲倀俽俙俬巜悢乮堊懼僿僢僕側偟乯楢摦宆忋応搳怣
2514,俶俤倃俿丂俥倀俶俢俽丂奜崙姅幃丒俵俽俠俬亅俲俷俲倀俽俙俬巜悢乮堊懼僿僢僕偁傝乯楢摦宆忋応搳怣
2515,俶俤倃俿丂俥倀俶俢俽丂奜崙俼俤俬俿丒俽仌俹愭恑崙俼俤俬俿巜悢乮彍偔擔杮丒堊懼僿僢僕側偟乯楢摦宆忋応搳怣
2516,搶徹僌儘乕僗俀俆侽俤俿俥
2517,俵俙倃俬俽丂俰儕乕僩丒僐傾忋応搳怣
2518,俶俤倃俿丂俥倀俶俢俽丂俵俽俠俬擔杮姅彈惈妶桇巜悢乮僙儗僋僩乯楢摦宆忋応搳怣
2519,俶俤倃俿丂俥倀俶俢俽丂怴嫽崙嵚寯丒俰丏俹丏儌儖僈儞丒僄儅乕僕儞僌丒儅乕働僢僩丒儃儞僪丒僀儞僨僢僋僗丒僾儔僗乮堊懼僿僢僕側偟乯楢摦宆忋応搳怣
2520,俶俤倃俿丂俥倀俶俢俽丂怴嫽崙姅幃丒俵俽俠俬僄儅乕僕儞僌丒儅乕働僢僩丒僀儞僨僢僋僗乮堊懼僿僢僕側偟乯楢摦宆忋応搳怣
2521,忋応僀儞僨僢僋僗僼傽儞僪暷崙姅幃乮俽仌俹俆侽侽乯堊懼僿僢僕偁傝
2522,倝僔僃傾乕僘丂僆乕僩儊乕僔儑儞丂仌丂儘儃僢僩丂俤俿俥
2523,俵俙倃俬俽僩僺僢僋僗乮彍偔嬥梈乯忋応搳怣
2524,俶倅俙俵丂忋応搳怣丂俿俷俹俬倃
2525,俶倅俙俵丂忋応搳怣丂擔宱俀俀俆
2526,俶倅俙俵丂忋応搳怣丂俰俹倃擔宱係侽侽
2527,俶倅俙俵丂忋応搳怣丂搶徹俼俤俬俿丂俠倧倰倕巜悢
2528,倝俥倰倕倕俤俿俥丂搶徹俼俤俬俿丂俠倧倰倕巜悢
2529,俶俤倃俿丂俥倀俶俢俽丂栰懞姅庡娨尦俈侽楢摦宆忋応搳怣
2530,俵俙倃俬俽丂俫倳倎俙値拞崙姅幃乮忋奀侾俉侽俙姅乯忋応搳怣
2531,曮儂乕儖僨傿儞僌僗
2533,僆僄僲儞儂乕儖僨傿儞僌僗
2540,梴柦庰惢憿
2552,忋応僀儞僨僢僋僗僼傽儞僪俰儕乕僩乮搶徹俼俤俬俿巜悢乯妘寧暘攝宆乮儈僯乯
2553,俷値倕丂俤俿俥丂撿曽丂拞崙俙姅丂俠俽俬俆侽侽
2554,俶俤倃俿丂俥倀俶俢俽丂僽儖乕儉僶乕僌暷崙搳帒揔奿幮嵚乮侾亅侾侽擭乯僀儞僨僢僋僗乮堊懼僿僢僕偁傝乯楢摦宆忋応搳怣
2555,搶徹俼俤俬俿丂俤俿俥
2556,俷値倕丂俤俿俥丂搶徹俼俤俬俿巜悢
2557,俽俵俢俙俵丂僩僺僢僋僗忋応搳怣
2558,俵俙倃俬俽暷崙姅幃乮俽仌俹俆侽侽乯忋応搳怣
2559,俵俙倃俬俽慡悽奅姅幃乮僆乕儖丒僇儞僩儕乕乯忋応搳怣
2560,俵俙倃俬俽僇乕儃儞丒僄僼傿僔僃儞僩擔杮姅忋応搳怣
2561,倝僔僃傾乕僘丒僐傾丂擔杮崙嵚丂俤俿俥
2562,忋応僀儞僨僢僋僗僼傽儞僪暷崙姅幃乮僟僂暯嬒乯堊懼僿僢僕偁傝
2563,倝僔僃傾乕僘丂俽仌俹丂俆侽侽丂暷崙姅丂俤俿俥乮堊懼僿僢僕偁傝乯
2564,僌儘乕僶儖倃丂俵俽俠俬僗乕僷乕僨傿價傿僨儞僪亅擔杮姅幃丂俤俿俥
2565,僌儘乕僶儖倃丂儘僕僗僥傿僋僗丒俰亅俼俤俬俿丂俤俿俥
2566,忋応僀儞僨僢僋僗僼傽儞僪擔宱俤俽俧儕乕僩
2567,俶倅俙俵丂忋応搳怣丂俽仌俹乛俰俹倃僇乕儃儞丒僄僼傿僔僃儞僩巜悢
2568,忋応僀儞僨僢僋僗僼傽儞僪暷崙姅幃乮俶俙俽俢俙俻侾侽侽乯堊懼僿僢僕側偟
2569,忋応僀儞僨僢僋僗僼傽儞僪暷崙姅幃乮俶俙俽俢俙俻侾侽侽乯堊懼僿僢僕偁傝
2573,杒奀摴僐僇丒僐乕儔儃僩儕儞僌
2579,僐僇丒僐乕儔丂儃僩儔乕僘僕儍僷儞儂乕儖僨傿儞僌僗
2585,儔僀僼僪儕儞僋丂僇儞僷僯乕
2586,僼儖僢僞僼儖僢僞
2587,僒儞僩儕乕怘昳僀儞僞乕僫僔儑僫儖
2588,僾儗儈傾儉僂僅乕僞乕儂乕儖僨傿儞僌僗
2590,僟僀僪乕僌儖乕僾儂乕儖僨傿儞僌僗
2593,埳摗墍
2594,僉乕僐乕僸乕
2597,儐僯僇僼僃
2602,擔惔僆僀儕僆僌儖乕僾
2607,晄擇惢桘
2612,偐偳傗惢桘
2613,俰亅僆僀儖儈儖僘
2620,倝僔僃傾乕僘丂暷崙嵚侾亅俁擭丂俤俿俥
2621,倝僔僃傾乕僘丂暷崙嵚俀侽擭挻丂俤俿俥乮堊懼僿僢僕偁傝乯
2622,倝僔僃傾乕僘丂暷僪儖寶偰怴嫽崙嵚寯丂俤俿俥乮堊懼僿僢僕偁傝乯
2623,倝僔僃傾乕僘丂儐乕儘寶偰搳帒揔奿幮嵚丂俤俿俥乮堊懼僿僢僕偁傝乯
2624,倝俥倰倕倕俤俿俥丂擔宱俀俀俆乮擭係夞寛嶼宆乯
2625,倝俥倰倕倕俤俿俥丂俿俷俹俬倃乮擭係夞寛嶼宆乯
2626,僌儘乕僶儖倃丂僨僕僞儖丒僀僲儀乕僔儑儞亅擔杮姅幃丂俤俿俥
2627,僌儘乕僶儖倃丂倕僐儅乕僗亅擔杮姅幃丂俤俿俥
2628,倝俥倰倕倕俤俿俥丂拞崙壢憂斅俆侽乮俽俿俙俼俆侽乯
2629,倝俥倰倕倕俤俿俥丂拞崙僌儗乕僞乕儀僀僄儕傾丒僀僲儀乕僔儑儞侾侽侽乮俧俛俙侾侽侽乯
2630,俵俙倃俬俽暷崙姅幃乮俽仌俹俆侽侽乯忋応搳怣乮堊懼僿僢僕偁傝乯
2631,俵俙倃俬俽僫僗僟僢僋侾侽侽忋応搳怣
2632,俵俙倃俬俽僫僗僟僢僋侾侽侽忋応搳怣乮堊懼僿僢僕偁傝乯
2633,俶俤倃俿丂俥倀俶俢俽丂俽仌俹丂俆侽侽丂巜悢乮堊懼僿僢僕側偟乯楢摦宆忋応搳怣
2634,俶俤倃俿丂俥倀俶俢俽丂俽仌俹丂俆侽侽丂巜悢乮堊懼僿僢僕偁傝乯楢摦宆忋応搳怣
2635,俶俤倃俿丂俥倀俶俢俽丂俽仌俹丂俆侽侽僗僐傾儕儞僌仌僗僋儕乕僯儞僌巜悢楢摦宆忋応搳怣
2636,僌儘乕僶儖倃丂俵俽俠俬丂僈僶僫儞僗丒僋僆儕僥傿亅擔杮姅幃丂俤俿俥
2637,僌儘乕僶儖倃丂僋儕乕儞僥僢僋亅擔杮姅幃丂俤俿俥
2638,僌儘乕僶儖倃丂儘儃僥傿僋僗仌俙俬亅擔杮姅幃丂俤俿俥
2639,僌儘乕僶儖倃丂僶僀僆仌儊僪僥僢僋亅擔杮姅幃丂俤俿俥
2640,僌儘乕僶儖倃丂僎乕儉仌傾僯儊亅擔杮姅幃丂俤俿俥
2641,僌儘乕僶儖倃丂僌儘乕僶儖儕乕僟乕僘亅擔杮姅幃丂俤俿俥
2642,俽俵俿丂俤俿俥僇乕儃儞丒僄僼傿僔僃儞僩擔杮姅
2643,俶俤倃俿丂俥倀俶俢俽丂俵俽俠俬僕儍僷儞僇儞僩儕乕巜悢乮僙儗僋僩乯楢摦宆忋応搳怣
2644,僌儘乕僶儖倃丂敿摫懱娭楢亅擔杮姅幃丂俤俿俥
2645,僌儘乕僶儖倃丂儗僕儍乕仌僄儞僞乕僥僀儞儊儞僩亅擔杮姅幃丂俤俿俥
2646,僌儘乕僶儖倃丂儊僞儖價僕僱僗亅擔杮姅幃丂俤俿俥
2647,俶俤倃俿丂俥倀俶俢俽丂僽儖乕儉僶乕僌暷崙崙嵚乮俈亅侾侽擭乯僀儞僨僢僋僗乮堊懼僿僢僕側偟乯楢摦宆忋応搳怣
2648,俶俤倃俿丂俥倀俶俢俽丂僽儖乕儉僶乕僌暷崙崙嵚乮俈亅侾侽擭乯僀儞僨僢僋僗乮堊懼僿僢僕偁傝乯楢摦宆忋応搳怣
2649,倝僔僃傾乕僘丂暷崙惌晎宯婡娭僕僯乕儊僀俵俛俽丂俤俿俥乮堊懼僿僢僕偁傝乯
2652,傑傫偩傜偗
2653,僀僆儞嬨廈
2654,傾僗儌
2656,儀僋僞乕儂乕儖僨傿儞僌僗
2659,僒儞僄乕
2664,僇儚僠栻昳
2666,僆乕僩僂僃乕僽
2667,僀儊乕僕丂儚儞
2668,僞價僆
2669,僇僱旤怘昳
2670,僄乕價乕僔乕丒儅乕僩
2673,柌傒偮偗戉
2674,僴乕僪僆僼僐乕億儗乕僔儑儞
2676,崅愮曚岎堈
2678,傾僗僋儖
2681,僎僆儂乕儖僨傿儞僌僗
2683,嫑婌
2685,傾儞僪僄僗僥傿俫俢
2686,僕乕僼僢僩
2687,僔乕丒償僀丒僄僗丒儀僀僄儕傾
2689,僆儖僶僿儖僗働傾儂乕儖僨傿儞僌僗
2692,埳摗拤怘昳
2693,倄俲俿
2694,從擏嶁堜儂乕儖僨傿儞僌僗
2695,偔傜庻巌
2698,僉儍儞僪僁
2700,栘摽恄椘
2702,擔杮儅僋僪僫儖僪儂乕儖僨傿儞僌僗
2705,戝屗壆儂乕儖僨傿儞僌僗
2708,媣悽
2721,僕僃僀儂乕儖僨傿儞僌僗
2722,俬俲儂乕儖僨傿儞僌僗
2726,僷儖僌儖乕僾儂乕儖僨傿儞僌僗
2730,僄僨傿僆儞
2733,偁傜偨
2734,僒乕儔僐乕億儗乕僔儑儞
2735,儚僢僣
2736,僼僃僗僞儕傾儂乕儖僨傿儞僌僗
2737,僩乕儊儞僨僶僀僗
2742,僴儘乕僘
2743,僺僋僙儖僇儞僷僯乕僘
2747,杒梇儔僢僉乕
2749,俰俹儂乕儖僨傿儞僌僗
2750,愇岝彜帠
2751,僥儞億僗儂乕儖僨傿儞僌僗
2752,僼僕僆僼乕僪僌儖乕僾杮幮
2753,偁傒傗偒掄
2760,搶嫗僄儗僋僩儘儞丂僨僶僀僗
2762,俽俙俶俲俷丂俵俙俼俲俤俿俬俶俧丂俥俷俷俢俽
2763,僄僼僥傿僌儖乕僾
2764,傂傜傑偮
2767,墌扟僼傿乕儖僘儂乕儖僨傿儞僌僗
2768,憃擔
2769,償傿儗僢僕償傽儞僈乕僪僐乕億儗乕僔儑儞
2776,怴搒儂乕儖僨傿儞僌僗
2778,僷儗儌丒儂乕儖僨傿儞僌僗
2780,僐儊暫儂乕儖僨傿儞僌僗
2782,僙儕傾
2784,傾儖僼儗僢僒丂儂乕儖僨傿儞僌僗
2788,傾僢僾儖僀儞僞乕僫僔儑僫儖
2789,僇儖儔
2790,僫僼僐
2791,戝崟揤暔嶻
2792,僴僯乕僘儂乕儖僨傿儞僌僗
2795,擔杮僾儕儊僢僋僗
2796,僼傽乕儅儔僀僘儂乕儖僨傿儞僌僗
2798,儚僀僘僥乕僽儖僐乕億儗乕僔儑儞
2801,僉僢僐乕儅儞
2802,枴偺慺
2804,僽儖僪僢僋僜乕僗
2805,儜僗價乕怘昳
2806,儐僞僇僼乕僘
2809,僉儐乕僺乕
2810,僴僂僗怘昳僌儖乕僾杮幮
2811,僇僑儊
2813,榓峅怘昳
2814,嵅摗怘昳岺嬈
2815,傾儕傾働僕儍僷儞
2816,僟僀僔儑乕
2818,僺僄僩儘
2819,僄僶儔怘昳岺嬈
2820,傗傑傒
2830,傾儝僴僞
2831,偼偛傠傕僼乕僘
2836,僌儘乕僶儖倃丂僼傿儞僥僢僋亅擔杮姅幃丂俤俿俥
2837,僌儘乕僶儖倃丂拞彫宆儕乕僟乕僘亅擔杮姅幃丂俤俿俥
2838,俵俙倃俬俽暷崙崙嵚俈亅侾侽擭忋応搳怣乮堊懼僿僢僕側偟乯
2839,俵俙倃俬俽暷崙崙嵚俈亅侾侽擭忋応搳怣乮堊懼僿僢僕偁傝乯
2840,倝俥倰倕倕俤俿俥丂俶俙俽俢俙俻侾侽侽乮堊懼僿僢僕側偟乯
2841,倝俥倰倕倕俤俿俥丂俶俙俽俢俙俻侾侽侽乮堊懼僿僢僕偁傝乯
2842,倝俥倰倕倕俤俿俥丂俶俙俽俢俙俻侾侽侽僀儞僶乕僗
2843,忋応僀儞僨僢僋僗僼傽儞僪崑廈崙嵚乮堊懼僿僢僕偁傝乯
2844,忋応僀儞僨僢僋僗僼傽儞僪崑廈崙嵚乮堊懼僿僢僕側偟乯
2845,俶俤倃俿丂俥倀俶俢俽丂俶俙俽俢俙俻亅侾侽侽乮堊懼僿僢僕偁傝乯楢摦宆忋応搳怣
2846,俶俤倃俿丂俥倀俶俢俽丂僟僂丒僕儑乕儞僘岺嬈姅俁侽庬暯嬒姅壙乮堊懼僿僢僕偁傝乯楢摦宆忋応搳怣
2847,僌儘乕僶儖倃丂怴惉挿僀儞僼儔亅擔杮姅幃丂俤俿俥
2848,僌儘乕僶儖倃丂俵俽俠俬丂婥岓曄摦懳墳亅擔杮姅幃丂俤俿俥
2849,僌儘乕僶儖倃丂俵倧倰値倝値倗倱倲倎倰丂崅攝摉丂俤俽俧亅擔杮姅幃丂俤俿俥
2851,倝僔僃傾乕僘丂俵俽俠俬丂僕儍僷儞俽俼俬丂俤俿俥
2852,倝僔僃傾乕僘丂僌儕乕儞俰儕乕僩丂俤俿俥
2853,倝僔僃傾乕僘丂婥岓儕僗僋挷惍悽奅崙嵚丂俤俿俥乮彍偔擔杮丒堊懼僿僢僕偁傝乯
2854,僌儘乕僶儖倃丂僥僢僋丒僩僢僾俀侽亅擔杮姅幃丂俤俿俥
2855,僌儘乕僶儖倃丂僌儕乕儞丒俰亅俼俤俬俿丂俤俿俥
2856,倝僔僃傾乕僘丂暷崙嵚俁亅俈擭丂俤俿俥乮堊懼僿僢僕偁傝乯
2857,倝僔僃傾乕僘丂僪僀僣崙嵚丂俤俿俥乮堊懼僿僢僕偁傝乯
2858,僌儘乕僶儖倃丂擔宱俀俀俆丂僇僶乕僪丒僐乕儖丂俤俿俥乮僾儗儈傾儉嵞搳帒宆乯
2859,俶俤倃俿丂俥倀俶俢俽丂儐乕儘丒僗僩僢僋僗俆侽巜悢乮堊懼僿僢僕偁傝乯楢摦宆忋応搳怣
2860,俶俤倃俿丂俥倀俶俢俽丂僪僀僣姅幃丒俢俙倃乮堊懼僿僢僕偁傝乯楢摦宆忋応搳怣
2861,忋応僀儞僨僢僋僗僼傽儞僪僼儔儞僗崙嵚乮堊懼僿僢僕側偟乯
2862,忋応僀儞僨僢僋僗僼傽儞僪僼儔儞僗崙嵚乮堊懼僿僢僕偁傝乯
2863,俶俤倃俿丂俥倀俶俢俽丂俽仌俹暷崙姅幃丒嵚寯僶儔儞僗曐庣宆巜悢乮堊懼僿僢僕偁傝乯楢摦宆忋応搳怣
2864,僌儘乕僶儖倃丂儘僕僗僥傿僋僗丒俼俤俬俿丂俤俿俥
2865,僌儘乕僶儖倃丂俶俙俽俢俙俻侾侽侽丒僇僶乕僪丒僐乕儖丂俤俿俥
2866,僌儘乕僶儖倃丂暷崙桪愭徹寯丂俤俿俥
2867,僌儘乕僶儖倃丂帺摦塣揮仌俤倁丂俤俿俥
2868,僌儘乕僶儖倃丂俽仌俹俆侽侽丒僇僶乕僪丒僐乕儖丂俤俿俥
2869,倝俥倰倕倕俤俿俥丂俶俙俽俢俙俻侾侽侽儗僶儗僢僕
2870,倝俥倰倕倕俤俿俥丂俶俙俽俢俙俻侾侽侽僟僽儖僀儞僶乕僗
2871,僯僠儗僀
2872,僙僀僸儑乕
2874,墶昹椻搥
2875,搶梞悈嶻
2876,僨儖僜乕儗
2877,擔搶儀僗僩
2882,僀乕僩傾儞僪儂乕儖僨傿儞僌僗
2883,戝椻
2884,儓僔儉儔丒僼乕僪丒儂乕儖僨傿儞僌僗
2892,擔杮怘昳壔岺
2894,愇堜怘昳
2897,擔惔怘昳儂乕儖僨傿儞僌僗
2901,僂僃儖僨傿僢僔儏
2903,僔僲僽僼乕僘
2904,堦惓姉杇
2907,偁偠偐傫
2908,僼僕僢僐
2910,儘僢僋丒僼傿乕儖僪
2911,埉徏怘昳
2914,擔杮偨偽偙嶻嬈
2915,働儞僐乕儅儓僱乕僘
2916,愬攇摐壔岺嬈
2917,戝怷壆
2918,傢傜傋傗擔梞儂乕儖僨傿儞僌僗
2922,側偲傝
2923,僒僩僂怘昳
2924,僀僼僕嶻嬈
2926,幝嶈壆
2927,俙俥俠亅俫俢傾儉僗儔僀僼僒僀僄儞僗
2929,僼傽乕儅僼乕僘
2930,杒偺払恖僐乕億儗乕僔儑儞
2931,儐乕僌儗僫
2932,俽俿俬僼乕僪儂乕儖僨傿儞僌僗
2933,婭暥怘昳
2934,僕僃僀僼儘儞僥傿傾
2935,僺僢僋儖僗儂乕儖僨傿儞僌僗
2936,儀乕僗僼乕僪
2937,僒儞僋僛乕儖
2938,僆僇儉儔怘昳岺嬈
2961,擔杮挷棟婡
2962,僥僋僯僗僐
2970,僌僢僪儔僀僼僇儞僷僯乕
2971,僄僗僐儞僕儍僷儞儕乕僩搳帒朄恖
2972,僒儞働僀儕傾儖僄僗僥乕僩搳帒朄恖
2975,僗僞乕丒儅僀僇丒儂乕儖僨傿儞僌僗
2978,僣僋儖僶
2979,俽俷俽倝俴俙暔棳儕乕僩搳帒朄恖
2980,俽俼俤儂乕儖僨傿儞僌僗
2981,儔儞僨傿僢僋僗
2982,俙俢儚乕僋僗僌儖乕僾
2983,傾乕儖僾儔儞僫乕
2984,儎儅僀僠僄僗僥乕僩
2985,僼傽乕僗僩僗僥乕僕
2986,俴俙儂乕儖僨傿儞僌僗
2989,搶奀摴儕乕僩搳帒朄恖
2990,傾僀僟愝寁
2991,儔儞僪僱僢僩
2992,傾乕僶儞儔僀僋
2993,挿塰
2994,傾儞僒乕儂乕儖僨傿儞僌僗
2995,僕僃僀儗僢僋僗丒僐乕億儗乕僔儑儞
2997,僗僩儗乕僕墹
2998,僋儕傾儖
2999,儂乕儉億僕僔儑儞
3001,曅憅岺嬈
3002,僌儞僛
3003,僸儏乕儕僢僋
3004,恄塰
3010,億儔儕僗丒儂乕儖僨傿儞僌僗
3011,僶僫乕僘
3020,傾僾儔僀僪
3021,僷僔僼傿僢僋僱僢僩
3023,儔僒彜帠
3024,僋儕僄僀僩
3028,傾儖儁儞
3030,僴僽
3031,儔僋乕儞儂乕儖僨傿儞僌僗
3034,僋僆乕儖儂乕儖僨傿儞僌僗
3035,働僀僥傿働僀
3036,傾儖僐僯僢僋僗
3038,恄屗暔嶻
3040,僜儕僩儞僔僗僥儉僘
3041,價儏乕僥傿僇僟儞儂乕儖僨傿儞僌僗
3042,僙僉儏傾償僃僀儖
3045,僇儚僒僉
3046,僕儞僘儂乕儖僨傿儞僌僗
3048,價僢僋僇儊儔
3050,俢俠俵儂乕儖僨傿儞僌僗
3053,儁僢僷乕僼乕僪僒乕價僗
3054,僴僀僷乕
3058,嶰梞摪儂乕儖僨傿儞僌僗
3059,僸儔僉
3063,僕僃僀僌儖乕僾儂乕儖僨傿儞僌僗
3064,俵倧値倧倲倎俼俷
3065,儔僀僼僼乕僘
3067,搶嫗堦斣僼乕僘
3068,倂俢俬
3069,俰俥俴俙儂乕儖僨傿儞僌僗
3070,僕僃儕乕價乕儞僘僌儖乕僾
3071,僗僩儕乕儉
3073,俢俢僌儖乕僾
3075,挾巕娵
3076,偁偄丂儂乕儖僨傿儞僌僗
3077,儂儕僀僼乕僪僒乕價僗
3079,僨傿乕僽僀僄僢僋僗
3080,僕僃乕僜儞
3082,偒偪傝儂乕儖僨傿儞僌僗
3083,僗僞乕僔乕僘
3086,俰丏僼儘儞僩丂儕僥僀儕儞僌
3087,僪僩乕儖丒擔儗僗儂乕儖僨傿儞僌僗
3088,儅僣僉儓僐僐僇儔仌僇儞僷僯乕
3089,僥僋僲傾儖僼傽
3091,僽儘儞僐價儕乕
3092,倅俷倅俷
3093,僩儗僕儍乕丒僼傽僋僩儕乕
3094,僗乕僷乕僶儕儏乕
3096,僆乕僔儍儞僔僗僥儉
3097,暔岅僐乕億儗乕僔儑儞
3099,嶰墇埳惃扥儂乕儖僨傿儞僌僗
3101,搶梞朼
3103,儐僯僠僇
3104,晉巑朼儂乕儖僨傿儞僌僗
3105,擔惔朼儂乕儖僨傿儞僌僗
3106,憅晘朼愌
3107,僟僀儚儃僂儂乕儖僨傿儞僌僗
3109,僔僉儃僂
3110,擔搶朼愌
3111,僆乕儈働儞僔
3113,倀俶俬倁俙丒俷倎倠儂乕儖僨傿儞僌僗
3116,僩儓僞朼怐
3121,儅乕僠儍儞僩丒僶儞僇乕僘
3123,僒僀儃乕
3131,僔儞僨儞丒僴僀僥僢僋僗
3132,儅僋僯僇儂乕儖僨傿儞僌僗
3133,奀斂
3134,俫倎倣倕倕
3135,儅乕働僢僩僄儞僞乕僾儔僀僘
3137,僼傽儞僨儕乕
3138,晉巑嶳儅僈僕儞僒乕價僗
3139,儔僋僩丒僕儍僷儞
3140,俛俼倀俶俷
3141,僂僄儖僔傾儂乕儖僨傿儞僌僗
3143,僆乕僂僀儖
3148,僋儕僄僀僩俽俢儂乕儖僨傿儞僌僗
3150,僌儕儉僗
3151,僶僀僞儖働乕僄僗働乕丒儂乕儖僨傿儞僌僗
3153,敧廎揹婡
3154,儊僨傿傾僗儂乕儖僨傿儞僌僗
3156,儗僗僞乕
3157,僕僆儕乕僽僌儖乕僾
3159,娵慞俠俫俬儂乕儖僨傿儞僌僗
3160,戝岝
3161,傾僛傾僗
3166,俷俠俫俬儂乕儖僨傿儞僌僗
3167,俿俷俲俙俬儂乕儖僨傿儞僌僗
3168,俵俤俼俥
3169,儈僒儚
3172,僥傿乕儔僀僼
3173,俠倧倣倝値倝倶
3174,僴僺僱僗丒傾儞僪丒僨傿
3175,僄乕丒僺乕儂乕儖僨傿儞僌僗
3176,嶰梞杅堈
3177,偁傝偑偲偆僒乕價僗
3178,僠儉僯乕
3179,僔儏僢僺儞
3180,價儏乕僥傿僈儗乕僕
3181,攦庢墹崙
3182,僆僀僔僢僋僗丒儔丒戝抧
3183,僂僀儞丒僷乕僩僫乕僘
3184,俬俠俢俙儂乕儖僨傿儞僌僗
3185,柌揥朷
3186,僱僋僗僥乕僕
3187,儈儔僞僢僾
3189,俙俶俙俹儂乕儖僨傿儞僌僗
3190,儂僢僩儅儞
3191,僕儑僀僼儖杮揷
3192,敀數
3193,僄僞乕僫儖儂僗僺僞儕僥傿僌儖乕僾
3195,僕僃僱儗乕僔儑儞僷僗
3196,儂僢僩儔儞僪儂乕儖僨傿儞僌僗
3197,偡偐偄傜乕偔儂乕儖僨傿儞僌僗
3198,俽俥俹儂乕儖僨傿儞僌僗
3199,柸敿儂乕儖僨傿儞僌僗
3201,擔杮栄怐
3202,僟僀僩僂儃僂
3204,僩乕傾朼僐乕億儗乕僔儑儞
3205,僟僀僪乕儕儈僥僢僪
3221,儓僔僢僋僗儂乕儖僨傿儞僌僗
3222,儐僫僀僥僢僪丒僗乕僷乕儅乕働僢僩丒儂乕儖僨傿儞僌僗
3223,僄僗僄儖僨傿乕
3224,僛僱儔儖丒僆僀僗僞乕
3226,嶰堜晄摦嶻傾僐儌僨乕僔儑儞僼傽儞僪搳帒朄恖
3231,栰懞晄摦嶻儂乕儖僨傿儞僌僗
3232,嶰廳岎捠僌儖乕僾儂乕儖僨傿儞僌僗
3234,怷僸儖僘儕乕僩搳帒朄恖
3236,僾儘僷僗僩
3237,僀儞僩儔儞僗
3238,僙儞僩儔儖憤崌奐敪
3241,僂傿儖
3242,傾乕僶僱僢僩僐乕億儗乕僔儑儞
3245,僨傿傾丒儔僀僼
3246,僐乕僙乕傾乕儖僀乕
3248,傾乕儖僄僀僕
3249,嶻嬈僼傽儞僪搳帒朄恖
3252,抧庡
3261,僌儔儞僨傿乕僘
3266,僼傽儞僪僋儕僄乕僔儑儞僌儖乕僾
3267,僼傿儖丒僇儞僷僯乕
3269,傾僪僶儞僗丒儗僕僨儞僗搳帒朄恖
3271,俿俫俤僌儘乕僶儖幮
3276,俰俹俵俠
3277,僒儞僙僀儔儞僨傿僢僋
3279,傾僋僥傿價傾丒僾儘僷僥傿乕僘搳帒朄恖
3280,僄僗僩儔僗僩
3281,俧俴俹搳帒朄恖
3282,僐儞僼僅儕傾丒儗僕僨儞僔儍儖搳帒朄恖
3283,擔杮僾儘儘僕僗儕乕僩搳帒朄恖
3284,僼乕僕儍乕僗儂乕儖僨傿儞僌僗
3286,僩儔僗僩儂乕儖僨傿儞僌僗
3287,惎栰儕僝乕僩丒儕乕僩搳帒朄恖
3288,僆乕僾儞僴僂僗僌儖乕僾
3289,搶媫晄摦嶻儂乕儖僨傿儞僌僗
3290,俷値倕儕乕僩搳帒朄恖
3291,斞揷僌儖乕僾儂乕儖僨傿儞僌僗
3292,僀僆儞儕乕僩搳帒朄恖
3293,傾僘儅僴僂僗
3294,僀乕僌儔儞僪
3295,僸儏乕儕僢僋儕乕僩搳帒朄恖
3296,擔杮儕乕僩搳帒朄恖
3297,搶晲廧斕
3299,儉僎儞僄僗僥乕僩
3300,傾儞價僔儑儞丂俢倃丂儂乕儖僨傿儞僌僗
3302,掗崙慇堐
3306,擔杮惢杻
3309,愊悈僴僂僗丒儕乕僩搳帒朄恖
3315,擔杮僐乕僋僗岺嬈
3317,僼儔僀儞僌僈乕僨儞
3320,僋儘僗僾儔僗
3321,儈僞僠嶻嬈
3323,儗僇儉
3326,儔儞僔僗僥儉
3329,搶榓僼乕僪僒乕價僗
3333,偁偝傂
3341,擔杮挷嵻
3349,僐僗儌僗栻昳
3350,儊僞僾儔僱僢僩
3352,僶僢僼傽儘乕
3353,儊僨傿僇儖堦岝僌儖乕僾
3355,僋儕儎儅儂乕儖僨傿儞僌僗
3358,儚僀僄僗僼乕僪
3359,們倧倲倲倎
3360,僔僢僾僿儖僗働傾儂乕儖僨傿儞僌僗
3361,僩乕僄儖
3370,僼僕僞僐乕億儗乕僔儑儞
3371,僜僼僩僋儕僄僀僩儂乕儖僨傿儞僌僗
3372,娭栧奀
3374,撪奜僥僢僋
3375,倅俷俙
3377,僶僀僋墹仌僇儞僷僯乕
3382,僙僽儞仌傾僀丒儂乕儖僨傿儞僌僗
3386,僐僗儌丒僶僀僆
3387,僋儕僄僀僩丒儗僗僩儔儞僣丒儂乕儖僨傿儞僌僗
3388,柧帯揹婡岺嬈
3391,僣儖僴儂乕儖僨傿儞僌僗
3392,僨儕僇僼乕僘儂乕儖僨傿儞僌僗
3393,僗僞乕僥傿傾儂乕儖僨傿儞僌僗
3395,僒儞儅儖僋儂乕儖僨傿儞僌僗
3396,僼僃儕僔儌
3397,僩儕僪乕儖儂乕儖僨傿儞僌僗
3399,娵愮戙嶳壀壠
3401,掗恖
3402,搶儗
3405,僋儔儗
3407,埉壔惉
3409,杒朼
3415,俿俷俲倄俷丂俛俙俽俤
3416,僺僋僗僞
3417,戝栘僿儖僗働傾儂乕儖僨傿儞僌僗
3418,僶儖僯僶乕價
3420,働乕丒僄僼丒僔乕
3421,堫梩惢嶌強
3422,俰亅俵俙倃
3423,僄僗僀乕
3426,傾僩儉儕價儞僥僢僋
3431,媨抧僄儞僕僯傾儕儞僌僌儖乕僾
3433,僩乕僇儘
3434,傾儖僼傽俠倧
3435,僒儞僐乕僥僋僲
3436,俽倀俵俠俷
3437,摿庩揹嬌
3439,嶰僣抦
3440,擔憂僌儖乕僾
3441,嶳墹
3443,愳揷僥僋僲儘僕乕僘
3444,媏抮惢嶌強
3445,俼俽丂俿倕們倛値倧倢倧倗倝倕倱
3446,僕僃僀僥僢僋僐乕億儗乕僔儑儞
3447,怣榓
3448,惔峾嵽
3449,僥僋僲僼儗僢僋僗
3450,僒僩僂嶻嬈
3451,僩乕僙僀丒儕乕僩搳帒朄恖
3452,價乕儘僢僩
3454,僼傽乕僗僩僽儔僓乕僘
3455,僿儖僗働傾仌儊僨傿僇儖搳帒朄恖
3457,俙値倓丂俢倧儂乕儖僨傿儞僌僗
3459,僒儉僥傿丒儗僕僨儞僔儍儖搳帒朄恖
3461,僷儖儅
3462,栰懞晄摦嶻儅僗僞乕僼傽儞僪搳帒朄恖
3463,偄偪偛儂僥儖儕乕僩搳帒朄恖
3465,働僀傾僀僗僞乕晄摦嶻
3466,儔僒乕儖儘僕億乕僩搳帒朄恖
3467,傾僌儗搒巗僨僓僀儞
3468,僗僞乕傾僕傾晄摦嶻搳帒朄恖
3469,僨儏傾儖僞僢僾
3470,儅儕儌抧曽憂惗儕乕僩搳帒朄恖
3471,嶰堜晄摦嶻儘僕僗僥傿僋僗僷乕僋搳帒朄恖
3472,擔杮儂僥儖仌儗僕僨儞僔儍儖搳帒朄恖
3474,俧亅俥俙俠俿俷俼倄
3475,僌僢僪僐儉傾僙僢僩
3476,搳帒朄恖傒傜偄
3477,僼僅乕儔僀僼
3479,僥傿乕働乕僺乕
3480,僕僃僀丒僄僗丒價乕
3481,嶰旽抧強暔棳儕乕僩搳帒朄恖
3482,儘乕僪僗僞乕僉儍僺僞儖
3483,隳塰
3484,僀僲儀乕僔儑儞儂乕儖僨傿儞僌僗
3486,僌儘乕僶儖丒儕儞僋丒儅僱僕儊儞僩
3487,俠俼俤儘僕僗僥傿僋僗僼傽儞僪搳帒朄恖
3488,僓僀儅僢僋僗丒儕乕僩搳帒朄恖
3489,僼僃僀僗僱僢僩儚乕僋
3490,傾僘婇夋愝寁
3491,俧俙丂倲倕們倛値倧倢倧倗倝倕倱
3492,僞僇儔儗乕儀儞晄摦嶻搳帒朄恖
3494,儅儕僆儞
3495,崄椝廧斕
3496,傾僘乕儉
3498,夃儢娭僉儍僺僞儖
3501,俽倀俵俬俶俷俤
3512,擔杮僼僄儖僩
3513,僀僠僇儚
3521,僄僐僫僢僋儂乕儖僨傿儞僌僗
3524,擔搶惢栐
3526,埌怷岺嬈
3529,傾僣僊
3536,傾僋僒僗儂乕儖僨傿儞僌僗
3537,徍塰栻昳
3538,僂僀儖僾儔僗儂乕儖僨傿儞僌僗
3539,俰俵儂乕儖僨傿儞僌僗
3540,帟垽儊僨傿僇儖
3541,擾嬈憤崌尋媶強
3542,儀僈僐乕億儗乕僔儑儞
3543,僐儊僟儂乕儖僨傿儞僌僗
3544,僒僣僪儔儂乕儖僨傿儞僌僗
3546,傾儗儞僓儂乕儖僨傿儞僌僗
3547,孁僇僣揷拞儂乕儖僨傿儞僌僗
3548,僶儘僢僋僕儍僷儞儕儈僥僢僪
3549,僋僗儕偺傾僆僉儂乕儖僨傿儞僌僗
3550,僗僞僕僆傾僞僆
3551,僟僀僯僢僋
3553,嫟榓儗僓乕
3556,儕僱僢僩僕儍僷儞僌儖乕僾
3557,儐僫僀僥僢僪仌僐儗僋僥傿僽
3558,僕僃僀僪僌儖乕僾
3559,僺乕僶儞僪僢僩僐儉
3560,傎傏擔
3561,椡偺尮儂乕儖僨傿儞僌僗
3562,俶倧丏侾
3563,俥俷俷俢丂仌丂俴俬俥俤丂俠俷俵俹俙俶俬俤俽
3565,傾僙儞僥僢僋
3566,儐僯僼僅乕儉僱僋僗僩
3569,僙乕儗儞
3571,僜僩乕
3577,搶奀愼岺
3580,彫徏儅僥乕儗
3583,僆乕儀僋僗
3591,儚僐乕儖儂乕儖僨傿儞僌僗
3593,儂僊儊僨傿僇儖
3597,帺廳摪
3598,嶳婌
3600,僼僕僢僋僗
3607,僋儔僂僨傿傾儂乕儖僨傿儞僌僗
3608,俿俽俬儂乕儖僨傿儞僌僗
3611,儅僣僆僇僐乕億儗乕僔儑儞
3612,儚乕儖僪
3622,僱僢僩僀儎乕僌儖乕僾
3623,價儕儞僌僔僗僥儉
3624,傾僋僙儖儅乕僋
3625,僥僢僋僼傽乕儉儂乕儖僨傿儞僌僗
3626,俿俬俽
3627,僥僋儈儔儂乕儖僨傿儞僌僗
3628,僨乕僞儂儔僀僝儞
3632,僌儕乕儂乕儖僨傿儞僌僗
3633,俧俵俷儁僷儃
3634,僜働僢僣
3635,僐乕僄乕僥僋儌儂乕儖僨傿儞僌僗
3636,嶰旽憤崌尋媶強
3639,儃儖僥乕僕
3640,揹嶼
3641,僷僺儗僗
3645,儊僨傿僇儖僱僢僩
3646,墂扵
3647,僕乕丒僗儕乕儂乕儖僨傿儞僌僗
3648,俙俧俽
3649,僼傽僀儞僨僢僋僗
3652,僨傿僕僞儖儊僨傿傾僾儘僼僃僢僔儑僫儖
3653,儌儖僼僅
3655,僽儗僀儞僷僢僪
3656,俲俴倎倐
3657,億乕儖僩僁僂傿儞儂乕儖僨傿儞僌僗
3659,僱僋僜儞
3660,傾僀僗僞僀儖
3661,僄儉傾僢僾儂乕儖僨傿儞僌僗
3662,僄僀僠乕儉儂乕儖僨傿儞僌僗
3663,僙儖僔僗
3664,儌僽僉儍僗僩儂乕儖僨傿儞僌僗
3665,僄僯僌儌
3667,倕値倝倱倛
3668,僐儘僾儔
3670,嫤棫忣曬捠怣
3671,僜僼僩儅僢僋僗
3672,僆儖僩僾儔僗
3673,僽儘乕僪儕乕僼
3674,僆乕僋僼傽儞
3675,僋儘僗丒儅乕働僥傿儞僌僌儖乕僾
3676,僨僕僞儖僴乕僣儂乕儖僨傿儞僌僗
3678,儊僨傿傾僪僁
3679,偠偘傫
3680,儂僢僩儕儞僋
3681,僽僀僉儏乕僽
3682,僄儞僇儗僢僕丒僥僋僲儘僕
3683,僒僀僶乕儕儞僋僗
3686,僨傿乕丒僄儖丒僀乕
3687,僼傿僢僋僗僞乕僘
3688,俠俙俼俿俙丂俫俷俴俢俬俶俧俽
3690,僀儖僌儖儉
3691,僨僕僞儖僾儔僗
3692,俥俥俼俬僙僉儏儕僥傿
3694,僆僾僥傿儉
3695,俧俵俷儕僒乕僠仌俙俬
3696,僙儗僗
3697,俽俫俬俥俿
3698,俠俼俬丒儈僪儖僂僃傾
3708,摿庬搶奀惢巻
3710,僕儑儖僟儞
3712,忣曬婇夋
3719,俙俬僗僩乕儉
3723,擔杮僼傽儖僐儉
3726,僼僅乕僔乕僘俫俢
3727,傾僾儕僢僋僗
3733,僜僼僩僂僃傾丒僒乕價僗
3741,僙僢僋
3744,僒僀僆僗
3747,僀儞僞乕僩儗乕僪
3750,俙俢俼侾俀侽俽
3753,僼儔僀僩僜儕儏乕僔儑儞僘
3758,傾僄儕傾
3760,働僀僽
3762,僥僋儅僩儕僢僋僗
3763,僾儘僔僢僾
3765,僈儞儂乕丒僆儞儔僀儞丒僄儞僞乕僥僀儊儞僩
3766,僔僗僥儉僘丒僨僓僀儞
3768,儕僗僋儌儞僗僞乕
3769,俧俵俷儁僀儊儞僩僎乕僩僂僃僀
3770,僓僢僷儔僗
3771,僔僗僥儉儕僒乕僠
3772,僂僃儖僗丒儅僱僕儊儞僩
3773,傾僪僶儞僗僩丒儊僨傿傾
3774,僀儞僞乕僱僢僩僀僯僔傾僥傿僽
3776,僽儘乕僪僶儞僪僞儚乕
3777,娐嫬僼儗儞僪儕乕儂乕儖僨傿儞僌僗
3778,偝偔傜僀儞僞乕僱僢僩
3779,僕僃僀丒僄僗僐儉儂乕儖僨傿儞僌僗
3787,僥僋僲儅僙儅僥傿僇儖
3788,俧俵俷僌儘乕僶儖僒僀儞丒儂乕儖僨傿儞僌僗
3791,俬俧億乕僩
3793,僪儕僐儉
3796,偄偄惗妶
3798,倀俴俽僌儖乕僾
3799,僉乕僂僃傾僜儕儏乕僔儑儞僘
3800,儐僯儕僞
3802,僄僐儈僢僋
3803,僀儊乕僕忣曬奐敪
3804,僔僗僥儉丂僨傿
3807,僼傿僗僐
3810,僒僀僶乕僗僥僢僾
3815,儊僨傿傾岺朳
3816,戝榓僐儞僺儏乕僞乕
3817,俽俼俙儂乕儖僨傿儞僌僗
3823,俿俫俤丂倂俫倄丂俫俷倂丂俢俷丂俠俷俵俹俙俶倄
3825,儕儈僢僋僗億僀儞僩
3826,僔僗僥儉僀儞僥僌儗乕僞
3834,挬擔僱僢僩
3835,倕俛俙俽俤
3836,傾僶儞僩僌儖乕僾
3837,傾僪僜儖擔恑
3839,俷俢俲僜儕儏乕僔儑儞僘
3840,僷僗
3841,僕乕僟僢僩
3842,僱僋僗僩僕僃儞
3843,僼儕乕價僢僩
3844,僐儉僠儏傾
3845,傾僀僼儕乕僋儌僶僀儖
3847,僷僔僼傿僢僋僔僗僥儉
3848,僨乕僞丒傾僾儕働乕僔儑儞
3850,僄僰丒僥傿丒僥傿丒僨乕僞丒僀儞僩儔儅乕僩
3851,擔杮堦僜僼僩僂僃傾
3853,傾僗僥儕傾
3854,傾僀儖
3856,俙倐倎倢倎値們倕
3858,儐價僉僞僗俙俬
3861,墹巕儂乕儖僨傿儞僌僗
3863,擔杮惢巻
3864,嶰旽惢巻
3865,杒墇僐乕億儗乕僔儑儞
3877,拞墇僷儖僾岺嬈
3878,攂愳僐乕億儗乕僔儑儞
3880,戝墹惢巻
3891,僯僢億儞崅搙巻岺嬈
3892,壀嶳惢巻
3895,僴價僢僋僗
3896,垻攇惢巻
3900,僋儔僂僪儚乕僋僗
3901,儅乕僋儔僀儞僘
3902,儊僨傿僇儖丒僨乕僞丒價僕儑儞
3903,倗倳倣倝
3904,僇儎僢僋
3905,僨乕僞僙僋僔儑儞
3907,僔儕僐儞僗僞僕僆
3908,僐儔儃僗
3909,僔儑乕働乕僗
3910,僄儉働僀僔僗僥儉
3911,俙倝倣倝値倗
3912,儌僶僀儖僼傽僋僩儕乕
3913,俧倰倕倕値俛倕倕
3914,俰俬俧亅俽俙倂
3915,僥儔僗僇僀
3916,僨僕僞儖丒僀儞僼僅儊乕僔儑儞丒僥僋僲儘僕乕
3917,傾僀儕僢僕
3918,俹俠俬儂乕儖僨傿儞僌僗
3920,傾僀價乕僔乕
3921,僱僆僕儍僷儞
3922,俹俼丂俿俬俵俤俽
3923,儔僋僗
3924,儔儞僪僐儞僺儏乕僞
3925,僟僽儖僗僞儞僟乕僪
3926,僆乕僾儞僪傾
3927,僼乕僶乕僽儗僀儞
3928,儅僀僱僢僩
3929,僜乕僔儍儖儚僀儎乕
3930,偼偰側
3931,僶儕儏乕僑儖僼
3932,傾僇僣僉
3933,僠僄儖
3934,儀僱僼傿僢僩僕儍僷儞
3935,僄僨傿傾
3936,僌儘乕僶儖僂僃僀
3937,倀倐倝們倧倣儂乕儖僨傿儞僌僗
3939,僇僫儈僢僋僱僢僩儚乕僋
3940,僲儉儔僔僗僥儉僐乕億儗乕僔儑儞
3941,儗儞僑乕
3943,戝愇嶻嬈
3944,屆椦巻岺
3945,僗乕僷乕僶僢僌
3946,僩乕儌僋
3947,僟僀僫僷僢僋
3948,岝價僕僱僗僼僅乕儉
3950,僓丒僷僢僋
3951,挬擔報嶞
3953,戝懞巻嬈
3954,徍榓僷僢僋僗
3955,僀儉儔
3958,嶚摽報嶞
3961,僔儖僶乕僄僢僌丒僥僋僲儘僕乕
3962,僠僃儞僕儂乕儖僨傿儞僌僗
3963,僔儞僋儘丒僼乕僪
3964,僆乕僋僱僢僩
3965,僉儍僺僞儖丒傾僙僢僩丒僾儔儞僯儞僌
3967,僄儖僥僗
3968,僙僌僄僌儖乕僾
3969,僄僀僩儗僢僪
3970,僀僲儀乕僔儑儞
3974,俽俠俙俿
3976,僔儍僲儞
3979,偆傞傞
3981,價乕僌儕乕
3983,僆儘
3984,儐乕僓乕儘乕僇儖
3985,僥儌僫
3986,價乕僽儗僀僋僔僗僥儉僘
3987,僄僐儌僢僩
3988,俽倄俽儂乕儖僨傿儞僌僗
3989,僔僃傾儕儞僌僥僋僲儘僕乕
3991,僂僅儞僥僢僪儕乕
3992,僯乕僘僂僃儖
3993,俹俲俽俫俙丂俿倕們倛値倧倢倧倗倷
3994,儅僱乕僼僅儚乕僪
3996,僒僀儞億僗僩
3997,僩儗乕僪儚乕僋僗
3998,偡傜傜僱僢僩
4004,儗僝僫僢僋丒儂乕儖僨傿儞僌僗
4005,廧桭壔妛
4008,廧桭惛壔
4011,僿僢僪僂僅乕僞乕僗
4012,傾僋僔僗
4013,嬑師榊
4014,僇儔僟僲乕僩
4015,儁僀僋儔僂僪儂乕儖僨傿儞僌僗
4016,俵俬俿儂乕儖僨傿儞僌僗
4017,僋儕乕儅
4019,僗僞儊儞
4020,價乕僩儗儞僪
4021,擔嶻壔妛
4022,儔僒岺嬈
4023,僋儗僴
4025,懡栘壔妛
4026,恄搰壔妛岺嬈
4027,僥僀僇
4028,愇尨嶻嬈
4031,曅憅僐乕僾傾僌儕
4040,撿奀壔妛
4041,擔杮憘払
4042,搶僜乕
4043,僩僋儎儅
4044,僙儞僩儔儖徤巕
4045,搶槺崌惉
4046,戝嶃僜乕僟
4047,娭搶揹壔岺嬈
4051,俧俵俷僼傿僫儞僔儍儖僎乕僩
4052,僼傿乕僠儍
4053,俽倳値丂俙倱倲倕倰倝倱倠
4054,擔杮忣曬僋儕僄僀僩
4055,僥傿傾儞僪僄僗僌儖乕僾
4056,僯儏乕儔儖僌儖乕僾
4057,僀儞僞乕僼傽僋僩儕乕
4058,僩儓僋儌
4059,傑偖傑偖
4060,倰倎倠倳倣倧
4061,僨儞僇
4062,僀價僨儞
4063,怣墇壔妛岺嬈
4064,擔杮僇乕僶僀僪岺嬈
4068,儀僀僔僗
4069,俛倢倳倕俵倕倣倕
4071,僾儔僗傾儖僼傽丒僐儞僒儖僥傿儞僌
4072,揹嶼僔僗僥儉儂乕儖僨傿儞僌僗
4073,僕傿丒僔傿婇夋
4074,儔僉乕儖
4075,僽儗僀儞僘僥僋僲儘僕乕
4076,僔僀僄僰僄僗
4078,嶄壔妛岺嬈
4080,揷拞壔妛尋媶強
4082,戞堦婬尦慺壔妛岺嬈
4088,僄傾丒僂僅乕僞乕
4091,擔杮巁慺儂乕儖僨傿儞僌僗
4092,擔杮壔妛岺嬈
4093,搶朚傾僙僠儗儞
4094,擔杮壔妛嶻嬈
4095,擔杮僷乕僇儔僀僕儞僌
4097,崅埑僈僗岺嬈
4098,僠僞儞岺嬈
4099,巐崙壔惉儂乕儖僨傿儞僌僗
4100,屗揷岺嬈
4102,娵旜僇儖僔僂儉
4107,埳惃壔妛岺嬈
4109,僗僥儔丂働儈僼傽
4112,曐搚扟壔妛岺嬈
4113,揷壀壔妛岺嬈
4114,擔杮怗攠
4116,戝擔惛壔岺嬈
4118,僇僱僇
4119,擔杮僺僌儊儞僩儂乕儖僨傿儞僌僗
4120,僗僈僀壔妛岺嬈
4124,戝嶃桘壔岺嬈
4125,嶰榓桘壔岺嬈
4151,嫤榓僉儕儞
4165,僾儗僀僪
4166,偐偭偙
4167,僐僐儁儕
4168,儎僾儕
4169,俤俶俤俠俫俙俶俧俤
4170,俲倎倝倸倕値丂俹倢倎倲倖倧倰倣
4171,僌儘乕僶儖僀儞僼僅儊乕僔儑儞
4172,搶榓僴僀僔僗僥儉
4174,傾僺儕僢僣
4175,們倧倢倷
4176,僐僐僫儔
4177,倝乚倫倢倳倗
4178,俽倛倎倰倝値倗丂俬値値倧倴倎倲倝倧値倱
4179,僕乕僱僋僗僩
4180,俙倫倫倝倕倰丂俧倰倧倳倫
4182,嶰旽姠巣壔妛
4183,嶰堜壔妛
4186,搶嫗墳壔岺嬈
4187,戝嶃桳婡壔妛岺嬈
4188,嶰旽働儈僇儖僌儖乕僾
4189,俲俫僱僆働儉
4192,僗僷僀僟乕僾儔僗
4193,僼傽僽儕僇儂乕儖僨傿儞僌僗
4194,價僕儑僫儖
4196,僱僆儅乕働僥傿儞僌
4197,傾僗儅乕僋
4198,僥儞僟
4199,儚儞僟乕僾儔僱僢僩
4202,僟僀僙儖
4203,廧桭儀乕僋儔僀僩
4204,愊悈壔妛岺嬈
4205,擔杮僛僆儞
4206,傾僀僇岺嬈
4208,倀俛俤
4212,愊悈庽帀
4216,埉桳婡嵽
4218,僯僠僶儞
4220,儕働儞僥僋僲僗
4221,戝憅岺嬈
4222,帣嬍壔妛岺嬈
4224,儘儞僔乕儖岺嬈
4228,愊悈壔惉昳岺嬈
4229,孮塰壔妛岺嬈
4231,僞僀僈乕僗億儕儅乕
4234,僒儞僄乕壔尋
4235,僂儖僩儔僼傽僽儕僢僋僗丒儂乕儖僨傿儞僌僗
4237,僼僕僾儗傾儉
4238,儈儔僀傾儖
4240,僋儔僗僞乕僥僋僲儘僕乕
4241,傾僥僋僩
4242,僞僇僊僙僀僐乕
4243,僯僢僋僗
4245,僟僀僉傾僋僔僗
4246,僟僀僉儑乕僯僔僇儚
4247,億僶乕儖嫽嬈
4248,抾杮梕婍
4249,怷榋
4251,宐榓
4255,俿俫俤俠俷俷
4256,僒僀儞僪
4258,栐壆
4259,僄僋僒僂傿僓乕僘
4260,僴僀僽儕僢僪僥僋僲儘僕乕僘
4261,傾僕傾僋僄僗僩
4262,僯僼僥傿儔僀僼僗僞僀儖
4263,僒僗儊僪
4264,僙僉儏傾
4265,俬値倱倲倝倲倳倲倝倧値丂倖倧倰丂倎丂俧倢倧倐倎倢丂俽倧們倝倕倲倷
4270,俛倕倕倃
4272,擔杮壔栻
4274,嵶扟壩岺
4275,僇乕儕僢僩
4284,僜儖僋僔乕僘
4286,俠俴儂乕儖僨傿儞僌僗
4287,僕儍僗僩僾儔儞僯儞僌
4288,傾僘僕僃儞僩
4290,僾儗僗僥乕僕丒僀儞僞乕僫僔儑僫儖
4293,僙僾僥乕僯丒儂乕儖僨傿儞僌僗
4299,僴僀儅僢僋僗
4301,傾儈儏乕僘
4307,栰懞憤崌尋媶強
4308,俰僗僩儕乕儉
4310,僪儕乕儉僀儞僉儏儀乕僞
4316,價乕儅僢僾
4317,儗僀
4318,僋僀僢僋
4319,俿俙俠
4320,俠俤儂乕儖僨傿儞僌僗
4323,擔杮僔僗僥儉媄弍
4324,揹捠僌儖乕僾
4326,僀儞僥乕僕儂乕儖僨傿儞僌僗
4331,僥僀僋傾儞僪僊償丒僯乕僘
4333,搶朚僔僗僥儉僒僀僄儞僗
4334,儐乕僋僗
4335,俬俹俽儂乕儖僨傿儞僌僗
4337,傄偁
4341,惣旽揹婡
4343,僀僆儞僼傽儞僞僕乕
4344,僜乕僗僱僋僗僩
4345,僔乕僥傿乕僄僗
4346,俶俤倃倄倅丏俧倰倧倳倫
4347,僽儘乕僪儊僨傿傾
4350,儊僨傿僇儖僔僗僥儉僱僢僩儚乕僋
4351,嶳揷嵞惗宯嵚尃夞廂憤崌帠柋強
4356,墳梡媄弍
4360,儅僫僢僋丒働儈僇儖丒僷乕僩僫乕僘
4361,愳岥壔妛岺嬈
4362,擔杮惛壔
4365,徏杮桘帀惢栻
4366,僟僀僩乕働儈僢僋僗
4367,峀塰壔妛
4368,晑孠壔妛岺嬈
4369,僩儕働儈僇儖尋媶強
4370,儌價儖僗
4371,僐傾僐儞僙僾僩丒僥僋僲儘僕乕
4372,儐儈儖儕儞僋
4373,僔儞僾儗僋僗丒儂乕儖僨傿儞僌僗
4374,俼俷俛俷俿丂俹俙倄俵俤俶俿
4375,僙乕僼傿乕
4376,偔傆偆僇儞僷僯乕儂乕儖僨傿儞僌僗
4377,儚儞僉儍儕傾
4378,俠俬俶俠
4379,俹倛倧倲倧倱倷値倲倛
4380,俵儅乕僩
4381,價乕僾儔僢僣
4382,俫俤俼俷倅
4384,儔僋僗儖
4385,儊儖僇儕
4386,俽俬俧僌儖乕僾
4387,倅倀倀
4388,僄乕傾僀
4389,僾儘僷僥傿僨乕僞僶儞僋
4390,俬俹俽
4391,儘僕僓乕僪
4392,俥俬俧
4393,僶儞僋丒僆僽丒僀僲儀乕僔儑儞
4394,僄僋僗儌乕僔儑儞
4395,傾僋儕乕僩
4396,僔僗僥儉僒億乕僩儂乕儖僨傿儞僌僗
4397,僠乕儉僗僺儕僢僩
4398,僽儘乕僪僶儞僪僙僉儏儕僥傿
4401,俙俢俤俲俙
4403,擔桘
4404,儈儓僔桘帀
4406,怴擔杮棟壔
4409,搶朚壔妛岺嬈
4410,僴儕儅壔惉僌儖乕僾
4412,僒僀僄儞僗傾乕僣
4413,儃乕僪儖傾
4414,僼儗僋僩
4415,僽儘乕僪僄儞僞乕僾儔僀僘
4416,俿倰倳倕丂俢倎倲倎
4417,僌儘乕僶儖僙僉儏儕僥傿僄僉僗僷乕僩
4418,俰俢俽俠
4419,俥倝値倎倲倕倶倲儂乕儖僨傿儞僌僗
4420,僀乕僜儖
4421,僨傿丒傾僀丒僔僗僥儉
4422,倁俙俴倀俤俶俤倃
4424,俙倣倎倸倝倎
4425,俲倳倓倎値
4426,僷僗儘僕
4427,俤倓倳俴倎倐
4428,僔僲僾僗
4429,儕僢僋僜僼僩
4430,搶奀僜僼僩
4431,僗儅儗僕
4432,僂僀儞僌傾乕僋侾倱倲
4433,僸僩丒僐儈儏僯働乕僔儑儞僘丒儂乕儖僨傿儞僌僗
4434,僒乕僶乕儚乕僋僗
4436,儈儞僇僽丒僕丒僀儞僼僅僲僀僪
4437,倗倧倧倓倓倎倷倱儂乕儖僨傿儞僌僗
4438,倂倕倢倐倷
4439,搶柤
4440,償傿僢僣
4441,僩價儔僔僗僥儉僘
4442,僶儖僥僗丒儂乕儖僨傿儞僌僗
4443,俽倎値倱倎値
4444,僀儞僼僅僱僢僩
4445,儕價儞丒僥僋僲儘僕乕僘
4446,俴倝値倠亅倀僌儖乕僾
4447,僺乕丒價乕僔僗僥儉僘
4448,倠倳倐倕倢倢
4449,僊僼僥傿
4450,僷儚乕僜儕儏乕僔儑儞僘
4452,壴墹
4461,戞堦岺嬈惢栻
4462,愇尨働儈僇儖
4463,擔壺壔妛
4464,僜僼僩俋俋僐乕億儗乕僔儑儞
4465,僯僀僞僇
4471,嶰梞壔惉岺嬈
4475,俫俤俶俶俧俤
4476,俙俬丂俠俼俷俽俽
4477,俛俙俽俤
4478,僼儕乕
4479,儅僋傾働
4480,儊僪儗乕
4481,儀乕僗
4482,僂傿儖僘
4483,俰俵俢俠
4484,儔儞僒乕僘
4486,儐僫僀僩傾儞僪僌儘僂
4487,僗儁乕僗儅乕働僢僩
4488,俙俬丂倝値倱倝倓倕
4490,價僓僗僋
4491,僐儞僺儏乕僞乕儅僱乕僕儊儞僩
4492,僛僱僥僢僋
4493,僒僀僶乕僙僉儏儕僥傿僋儔僂僪
4494,僶儕僆僙僉儏傾
4495,傾僀僉儏乕僽僪僔僗僥儉僘
4496,僐儅乕僗俷値倕儂乕儖僨傿儞僌僗
4498,僒僀僶乕僩儔僗僩
4499,俽倫倕倕倕
4502,晲揷栻昳岺嬈
4503,傾僗僥儔僗惢栻
4506,廧桭僼傽乕儅
4507,墫栰媊惢栻
4512,傢偐傕偲惢栻
4516,擔杮怴栻
4519,拞奜惢栻
4521,壢尋惢栻
4523,僄乕僓僀
4524,怷壓恗扥
4526,棟尋價僞儈儞
4527,儘乕僩惢栻
4528,彫栰栻昳岺嬈
4530,媣岝惢栻
4531,桳婡崌惉栻昳岺嬈
4534,帩揷惢栻
4536,嶲揤惢栻
4538,晑孠栻昳岺嬈
4539,擔杮働儈僼傽
4540,僣儉儔
4543,僥儖儌
4544,俫丏倀丏僌儖乕僾儂乕儖僨傿儞僌僗
4547,僉僢僙僀栻昳岺嬈
4548,惗壔妛岺嬈
4549,塰尋壔妛
4552,俰俠俼僼傽乕儅
4553,搶榓栻昳
4554,晉巑惢栻岺嬈
4556,僇僀僲僗
4558,拞嫗堛栻昳
4559,僛儕傾怴栻岺嬈
4563,傾儞僕僃僗
4564,僆儞僐僙儔僺乕丒僒僀僄儞僗
4565,僱僋僙儔僼傽乕儅
4568,戞堦嶰嫟
4569,埱椦惢栻
4570,柶塽惗暔尋媶強
4571,俶俙俶俷丂俵俼俶俙
4572,僇儖僫僶僀僆僒僀僄儞僗
4574,戝岾栻昳
4575,僉儍儞僶僗
4576,僨丒僂僄僗僞儞丒僙儔僺僥僋僗尋媶強
4577,僟僀僩
4578,戝捤儂乕儖僨傿儞僌僗
4579,儔僋僆儕傾憂栻
4582,僔儞僶僀僆惢栻
4583,僇僀僆儉丒僶僀僆僒僀僄儞僗
4584,僉僢僘僂僃儖丒僶僀僆
4586,儊僪儗僢僋僗
4587,儁僾僠僪儕乕儉
4588,僆儞僐儕僗僶僀僆僼傽乕儅
4591,儕儃儈僢僋
4592,僒儞僶僀僆
4593,僿儕僆僗
4594,僽儔僀僩僷僗丒僶僀僆
4595,儈僘儂儊僨傿乕
4596,孍揷惢栻儂乕儖僨傿儞僌僗
4597,僜儗僀僕傾丒僼傽乕儅
4598,俢倕倢倲倎亅俥倢倷丂俹倛倎倰倣倎
4599,僗僥儉儕儉
4611,戝擔杮揾椏
4612,擔杮儁僀儞僩儂乕儖僨傿儞僌僗
4613,娭惣儁僀儞僩
4615,恄搶揾椏
4616,愳忋揾椏
4617,拞崙揾椏
4619,擔杮摿庩揾椏
4620,摗憅壔惉
4623,傾僒僸儁儞
4624,僀僒儉揾椏
4625,傾僩儈僋僗
4626,懢梲儂乕儖僨傿儞僌僗
4627,僫僩僐
4628,僄僗働乕壔尋
4629,戝怢壔妛
4631,俢俬俠
4633,僒僇僞僀儞僋僗
4634,倎倰倲倝倕値們倕
4635,搶嫗僀儞僉
4641,傾儖僾僗媄尋
4642,僆儕僕僫儖愝寁
4644,僀儅僕僯傾
4645,巗恑儂乕儖僨傿儞僌僗
4650,俽俢僄儞僞乕僥僀儊儞僩
4651,僒僯僢僋僗儂乕儖僨傿儞僌僗
4657,娐嫬娗棟僙儞僞乕
4658,擔杮嬻挷僒乕價僗
4659,僄僀僕僗
4661,僆儕僄儞僞儖儔儞僪
4662,僼僅乕僇僗僔僗僥儉僘
4664,傾乕儖丒僄僗丒僔乕
4665,僟僗僉儞
4666,僷乕僋俀係
4667,傾僀僒儞僥僋僲儘僕乕
4668,柧岝僱僢僩儚乕僋僕儍僷儞
4671,僼傽儖僐儂乕儖僨傿儞僌僗
4673,愳嶈抧幙
4674,僋儗僗僐
4676,僼僕丒儊僨傿傾丒儂乕儖僨傿儞僌僗
4678,廏塸梊旛峑
4679,揷扟
4680,儔僂儞僪儚儞
4681,儕僝乕僩僩儔僗僩
4684,僆乕價僢僋
4685,旽桭僔僗僥儉僘
4686,僕儍僗僩僔僗僥儉
4687,俿俢俠僜僼僩
4689,俴俬俶俤儎僼乕
4690,擔杮僷儗僢僩僾乕儖
4691,儚僔儞僩儞儂僥儖
4694,價乕丒僄儉丒僄儖
4704,僩儗儞僪儅僀僋儘
4705,僋儕僢僾僐乕億儗乕僔儑儞
4707,僉僞僢僋
4709,俬俢儂乕儖僨傿儞僌僗
4712,俲倕倷俫倧倢倓倕倰
4714,儕僜乕嫵堢僌儖乕僾
4716,擔杮僆儔僋儖
4718,憗堫揷傾僇僨儈乕
4719,傾儖僼傽僔僗僥儉僘
4720,忛撿恑妛尋媶幮
4722,僼儏乕僠儍乕
4725,俠俙俠丂俫倧倢倓倝値倗倱
4728,僩乕僙
4732,儐乕丒僄僗丒僄僗
4733,僆乕價僢僋價僕僱僗僐儞僒儖僞儞僩
4735,嫗恑
4736,擔杮儔僢僪
4743,傾僀僥傿僼僅乕
4745,搶嫗屄暿巜摫妛堾
4746,搶寁揹嶼
4750,僟僀僒儞
4751,僒僀僶乕僄乕僕僃儞僩
4752,徍榓僔僗僥儉僄儞僕僯傾儕儞僌
4754,僩僗僱僢僩
4755,妝揤僌儖乕僾
4760,傾儖僼傽
4761,偝偔傜働乕僔乕僄僗
4762,僄僢僋僗僱僢僩
4763,僋儕乕僋丒傾儞僪丒儕僶乕幮
4765,俽俛俬僌儘乕僶儖傾僙僢僩儅僱僕儊儞僩
4766,僺乕僄僀
4767,僥乕丒僆乕丒僟僽儕儏乕
4768,戝捤彜夛
4769,俬俠
4771,僄僼傾儞僪僄儉
4772,俽俵丂俤俶俿俤俼俿俙俬俶俵俤俶俿丂俰俙俹俙俶
4776,僒僀儃僂僘
4777,僈乕儔
4783,俶俠俢
4784,俧俵俷僀儞僞乕僱僢僩
4792,嶳揷僐儞僒儖僥傿儞僌僌儖乕僾
4800,僆儕僐儞
4801,僙儞僩儔儖僗億乕僣
4809,僷儔僇
4811,僪儕乕儉丒傾乕僣
4812,揹捠憤尋
4813,俙俠俠俤俽俽
4814,僱僋僗僩僂僃傾
4816,搶塮傾僯儊乕僔儑儞
4819,僨僕僞儖僈儗乕僕
4820,僀乕僄儉僔僗僥儉僘
4825,僂僃僓乕僯儏乕僘
4826,俠俬俰
4828,價僕僱僗僄儞僕僯傾儕儞僌
4829,擔杮僄儞僞乕僾儔僀僘
4832,俰俥俤僔僗僥儉僘
4833,俢倕倖丂們倧値倱倳倢倲倝値倗
4838,僗儁乕僗僔儍儚乕俽俲俬倄俙俲俬儂乕儖僨傿儞僌僗
4839,倂俷倂俷倂
4840,僩儔僀傾僀僘
4845,僗僇儔
4847,僀儞僥儕僕僃儞僩丂僂僃僀僽
4848,僼儖僉儍僗僩儂乕儖僨傿儞僌僗
4849,僄儞丒僕儍僷儞
4875,儊僨傿僔僲僶丒僀儞僋
4880,僙儖僜乕僗
4881,僼傽儞儁僢僾
4882,儁儖僙僂僗僾儘僥僆儈僋僗
4883,儌僟儕僗
4884,僋儕儞僌儖僼傽乕儅
4885,幒挰働儈僇儖
4886,偁偡偐惢栻儂乕儖僨傿儞僌僗
4887,僒儚僀僌儖乕僾儂乕儖僨傿儞僌僗
4888,僗僥儔僼傽乕儅
4889,儗僫僒僀僄儞僗
4890,捸揷儔儃
4891,僥傿儉僗
4892,僒僀僼儏乕僘
4893,僲僀儖僀儈儏乕儞丒僶僀僆僥僢僋
4894,僋僆儕僾僗
4896,働僀僼傽乕儅
4901,晉巑僼僀儖儉儂乕儖僨傿儞僌僗
4902,僐僯僇儈僲儖僞
4911,帒惗摪
4912,儔僀僆儞
4914,崅嵒崄椏岺嬈
4917,儅儞僟儉
4918,傾僀價乕壔徬昳
4919,儈儖儃儞
4920,擔杮怓嵽岺嬈尋媶強
4922,僐乕僙乕
4923,僐僞
4925,僴乕僶乕尋媶強
4926,僔乕儃儞
4927,億乕儔丒僆儖價僗儂乕儖僨傿儞僌僗
4928,僲僄價傾儂乕儖僨傿儞僌僗
4929,傾僕儏僶儞儂乕儖僨傿儞僌僗
4931,怴擔杮惢栻
4932,傾儖儅乕僪
4933,俬亅値倕
4934,僾儗儈傾傾儞僠僄僀僕儞僌
4935,儕儀儖僞
4936,傾僋僔乕僕傾
4937,倂倎倯倧倧
4951,僄僗僥乕
4956,僐僯僔
4957,儎僗僴儔働儈僇儖
4958,挿扟愳崄椏
4960,働儈僾儘壔惉
4966,忋懞岺嬈
4967,彫椦惢栻
4968,峳愳壔妛岺嬈
4970,搶梞崌惉岺嬈
4971,儊僢僋
4972,憥尋壔妛
4973,擔杮崅弮搙壔妛
4974,僞僇儔僶僀僆
4975,俰俠倀
4976,搶梞僪儔僀儖乕僽
4977,怴揷僛儔僠儞
4978,儕僾儘僙儖
4979,俷俙俿傾僌儕僆
4980,僨僋僙儕傾儖僘
4985,傾乕僗惢栻
4990,徍榓壔妛岺嬈
4992,杒嫽壔妛岺嬈
4994,戝惉儔儈僢僋僌儖乕僾
4996,僋儈傾僀壔妛岺嬈
4997,擔杮擾栻
4998,僼儅僉儔乕
5010,擔杮惛榅
5011,僯僠儗僉僌儖乕僾
5013,儐僔儘
5015,價乕僺乕丒僇僗僩儘乕儖
5016,俰倃嬥懏
5017,晉巑愇桘
5018,俵俷俼俤俽俠俷
5019,弌岝嫽嶻
5020,俤俶俤俷俽儂乕儖僨傿儞僌僗
5021,僐僗儌僄僱儖僊乕儂乕儖僨傿儞僌僗
5022,儗儃僀儞僞乕僫僔儑僫儖
5025,儅乕僉儏儕乕
5026,僩儕僾儖傾僀僘
5027,俙値倷俵倝値倓丂俧倰倧倳倫
5028,僙僇儞僪僒僀僩傾僫儕僥傿僇
5029,僒乕僋儗僀僗
5031,儌僀
5032,俙俶倄俠俷俴俷俼
5033,僰乕儔儃
5034,倳値倕倰倰倷
5035,俫俷倀俽俤俬
5036,擔杮價僕僱僗僔僗僥儉僘
5037,僼傿僢僩儚乕僋僗
5038,倕倂倕俴俴
5070,僪儔僼僩
5071,償傿僗
5072,傾乕僩僼僅乕僗僕儍僷儞
5074,僥僗儂乕儖僨傿儞僌僗
5076,僀儞僼儘僯傾丒儂乕儖僨傿儞僌僗
5077,僴儞僘
5078,僙儗僐乕億儗乕僔儑儞
5079,僲僶僢僋
5101,墶昹僑儉
5103,徍榓儂乕儖僨傿儞僌僗
5105,俿俷倄俷丂俿俬俼俤
5108,僽儕僡僗僩儞
5110,廧桭僑儉岺嬈
5121,摗憅僐儞億僕僢僩
5122,僆僇儌僩
5125,僼傽僀儞僘
5126,億乕僞乕僘
5129,俥俬倃俤俼
5130,僸儘儂乕儖僨傿儞僌僗
5131,儕儞僇乕僘
5132,倫倢倳倱倸倕倰倧
5133,僥儕儘僕乕儂乕儖僨傿儞僌僗
5134,俹俷俹俤俼
5135,俙俬俼亅倀
5136,倲倰倝倫倢倎
5137,僗儅乕僩僪儔僀僽
5138,俼倕倐倎倱倕
5139,僆乕僾儞儚乕僋
5142,傾僉儗僗
5161,惣愳僑儉岺嬈
5162,挬擔儔僶乕
5184,僯僠儕儞
5185,僼僐僋
5186,僯僢僞
5187,僋儕僄乕僩儊僨傿僢僋
5189,烴岇鏁
5191,廧桭棟岺
5192,嶰僣惎儀儖僩
5194,憡柾僑儉岺嬈
5195,僶儞僪乕壔妛
5199,晄擇儔僥僢僋僗
5201,俙俧俠
5202,擔杮斅徤巕
5204,愇捤徤巕
5208,桳戲惢嶌強
5210,擔杮嶳懞徤巕
5214,擔杮揹婥徤巕
5216,憅尦惢嶌強
5218,僆僴儔
5232,廧桭戝嶃僙儊儞僩
5233,懢暯梞僙儊儞僩
5237,僲僓儚
5240,倣倧値倧俙俬丂倲倕們倛値倧倢倧倗倷
5242,傾僀僘
5243,値倧倲倕
5244,倞倝倗丏倞倫
5246,俤俴俤俵俤俶俿俽
5247,俛俿俵
5248,僥僋僲儘僕乕僘
5249,偁偝偐傢僔僗僥儉僘
5250,僾儔僀儉丒僗僩儔僥僕乕
5251,僂僀僘丒儚儞
5252,擔杮僫儗僢僕
5253,僇僶乕
5254,俙倰倕値倲
5255,儌儞僗僞乕儔儃
5256,俥倳倱倝們
5257,僲僶僔僗僥儉
5258,僩儔儞僓僋僔儑儞丒儊僨傿傾丒僱僢僩儚乕僋僗
5259,俛俛俢僀僯僔傾僥傿僽
5261,儕僜儖儂乕儖僨傿儞僌僗
5262,擔杮僸儏乕儉
5268,埉僐儞僋儕乕僩岺嬈
5269,擔杮僐儞僋儕乕僩岺嬈
5271,僩乕儓乕傾僒僲
5273,嶰扟僙僉僒儞
5279,擔杮嫽嬈
5280,儓僔僐儞
5282,僕僆僗僞乕
5283,崅尒郪
5284,儎儅僂儂乕儖僨傿儞僌僗
5285,儎儅僢僋僗
5287,僀僩乕儓乕僊儑乕
5288,傾僕傾僷僀儖儂乕儖僨傿儞僌僗
5290,儀儖僥僋僗僐乕億儗乕僔儑儞
5301,搶奀僇乕儃儞
5302,擔杮僇乕儃儞
5304,俽俤俠僇乕儃儞
5310,搶梞扽慺
5331,僲儕僞働
5332,俿俷俿俷
5333,擔杮奦巕
5334,擔杮摿庩摡嬈
5337,僟儞僩乕儂乕儖僨傿儞僌僗
5341,俙俽俙俫俬丂俤俬俿俷儂乕儖僨傿儞僌僗
5344,俵俙俼倀倂俙
5351,昳愳儕僼儔僋僩儕乕僘
5352,崟嶈攄杹
5355,擔杮毊毮
5356,旤擹梣嬈
5357,儓乕僞僀
5363,搶嫗梣嬈
5367,僯僢僇僩乕
5368,擔杮僀儞僔儏儗乕僔儑儞
5380,怴搶
5381,俵倝倫倧倶
5384,僼僕儈僀儞僐乕億儗乕僥僢僪
5386,掃栱
5388,僋僯儈僱岺嬈
5391,僄乕傾儞僪僄乕儅僥儕傾儖
5393,僯僠傾僗
5401,擔杮惢揝
5406,恄屗惢峾強
5408,拞嶳惢峾強
5410,崌摨惢鑓
5411,俰俥俤儂乕儖僨傿儞僌僗
5423,搶嫗惢鑓
5440,嫟塸惢峾
5444,戝榓岺嬈
5445,搶嫗鑓峾
5446,杒墇儊僞儖
5449,戝嶃惢鑓
5451,梽愳惢峾強
5458,崅嵒鑓岺
5461,拞晹峾珏
5463,娵堦峾娗
5464,儌儕岺嬈
5471,戝摨摿庩峾
5476,擔杮崅廃攇峾嬈
5480,擔杮栬嬥岺嬈
5482,垽抦惢峾
5484,搶杒摿庩峾
5491,擔杮嬥懏
5525,僼儘儞僥傿傾儂乕儖僨傿儞僌僗
5527,倫倰倧倫倕倰倲倷丂倲倕們倛値倧倢倧倗倝倕倱
5528,僼儘儞僥傿傾僴僂僗
5531,拞嶳晄摦嶻
5532,儕傾儖僎僀僩
5533,僄儕僢僣儂乕儖僨傿儞僌僗
5534,僄儞僛儖僌儖乕僾
5535,儈僈儘儂乕儖僨傿儞僌僗
5536,嫗嫶傾乕僩儗僕僨儞僗
5537,俙倢倐倎俴倝値倠
5541,戝暯梞嬥懏
5542,怴曬崙儅僥儕傾儖
5563,怴擔杮揹岺
5570,僕僃僲僶
5571,僄僉僒僀僩儂乕儖僨傿儞僌僗
5572,俼倝倓倗倕亅倝
5573,摥妝儂乕儖僨傿儞僌僗
5574,俙俛俤俰俙
5575,俧倢倧倐倕倕
5576,僆乕價乕僔僗僥儉
5577,傾僀僨儈乕
5578,俙俼傾僪僶儞僗僩僥僋僲儘僕
5580,僾儘僨傿儔僀僩
5581,僇僀僥僋僲儘僕乕
5582,僌儕僢僪
5584,俽倲倰倎倵倐倕倰倰倷丂倞倎倣倱
5586,俴倎倐倧倰倧丏俙俬
5587,僀儞僶僂儞僪僾儔僢僩僼僅乕儉
5588,僼傽乕僗僩傾僇僂儞僥傿儞僌
5589,僆乕僩僒乕僶乕
5590,僱僢僩僗僞乕僘
5591,俙倁俬俴俤俶
5592,偔偡傝偺憢岥
5594,僄儉丒僨乕丒價乕
5595,俻俹俽尋媶強
5596,傾僂僩儖僢僋僐儞僒儖僥傿儞僌
5597,僽儖乕僀僲儀乕僔儑儞
5598,倄倧倲倲倎倴倝倎倱
5599,俽仌俰
5602,孖杮鑓岺強
5603,擑媄
5609,擔杮拻憿
5612,擔杮拻揝娗
5616,塉晽懢梲
5617,僂傿儖丒僪僁
5618,僫僀儖
5619,儅乕僜
5620,僄僗僺乕僆乕
5621,僸儏乕儅儞僥僋僲儘僕乕僘
5622,儚儞價
5631,擔杮惢峾強
5632,嶰旽惢峾
5644,儊僞儖傾乕僩
5658,擔垷峾嬈
5659,擔杮惛慄
5660,恄峾峾慄岺嬈
5695,僷僂僟乕僥僢僋
5697,僒儞儐僂
5698,僄儞價僾儘丒儂乕儖僨傿儞僌僗
5699,僀儃僉儞
5702,戝婭傾儖儈僯僂儉岺嬈強
5703,擔杮寉嬥懏儂乕儖僨傿儞僌僗
5704,俰俵俠
5706,嶰堜嬥懏峼嬈
5707,搶朚垷墧
5711,嶰旽儅僥儕傾儖
5713,廧桭嬥懏峼嶳
5714,俢俷倂俙儂乕儖僨傿儞僌僗
5715,屆壨婡夿嬥懏
5721,僄僗丒僒僀僄儞僗
5724,傾僒僇棟尋
5726,戝嶃僠僞僯僂儉僥僋僲儘僕乕僘
5727,搶朚僠僞僯僂儉
5729,擔杮惛峼
5741,倀俙俠俰
5742,僄僰傾僀僔丒僆乕僩僥僢僋
5753,擔杮怢摵
5757,俠俲僒儞僄僣
5801,屆壨揹婥岺嬈
5802,廧桭揹婥岺嬈
5803,僼僕僋儔
5805,俽倂俠俠
5816,僆乕僫儞僶
5817,俰俵俙俠俽
5819,僇僫儗揹婥
5820,嶰僢惎
5821,暯壨僸儏乕僥僢僋
5830,偄傛偓傫儂乕儖僨傿儞僌僗
5831,偟偢偍偐僼傿僫儞僔儍儖僌儖乕僾
5832,偪傘偆偓傫僼傿僫儞僔儍儖僌儖乕僾
5834,俽俛俬儕乕僔儞僌僒乕價僗
5838,妝揤嬧峴
5840,擔杮憤尟
5842,僀儞僥僌儔儖
5843,僯僢億儞僀儞僔儏傾
5844,嫗搒僼傿僫儞僔儍儖僌儖乕僾
5845,慡曐楢
5851,儕儑乕價
5852,傾乕儗僗僥傿
5856,僄儖傾僀僀乕僄僀僠
5857,俙俼俤儂乕儖僨傿儞僌僗
5858,俽俿俧
5866,倂倝倸俛倝倸
5867,僄僗僱僢僩儚乕僋僗
5868,儘僐僐
5869,憗堫揷妛廗尋媶夛
5870,僫儖僱僢僩僐儈儏僯働乕僔儑儞僘
5871,俽俷俴俬倅俤丂俫倧倢倓倝値倗倱
5883,俧俿儂乕儖僨傿儞僌僗
5884,僋儔僟僔
5885,僕乕僨僢僾丒傾僪僶儞僗
5886,俷俷俲俙俛俤丂俧俴俙俽俽
5887,岝嬁
5888,俢俙俬倂俙丂俠倄俠俴俤
5889,俰倎倫倎値丂俤倷倕倵倕倎倰丂俫倧倢倓倝値倗倱
5890,僆僼傿僗僶僗僞乕僘
5891,夽椡壆
5892,倷倳倲倧倰倝
5893,俼俙倁俬俹俙
5900,僟僀働儞
5901,搶梞惢悖僌儖乕僾儂乕儖僨傿儞僌僗
5902,儂僢僇儞儂乕儖僨傿儞僌僗
5903,僔儞億
5905,擔杮惢悖
5906,僄儉働乕惛岺
5909,僐儘僫
5911,墶壨僽儕僢僕儂乕儖僨傿儞僌僗
5915,嬵堜僴儖僥僢僋
5918,戨忋岺嬈
5921,愳娸岺嬈
5922,撨恵揹婡揝岺
5923,崅揷婡岺
5928,傾儖儊僞僢僋僗
5929,嶰榓儂乕儖僨傿儞僌僗
5930,暥壔僔儎僢僞乕
5932,嶰嫤棫嶳
5933,傾儖僀儞僐
5936,搶梞僔儎僢僞乕
5938,俴俬倃俬俴
5939,戝扟岺嬈
5940,晄擇僒僢僔
5941,拞惣惢嶌強
5942,擔杮僼僀儖僐儞
5943,僲乕儕僣
5945,揤棿惢嫎
5946,挿晎惢嶌強
5947,儕儞僫僀
5949,儐僯僾儗僗
5950,擔杮僷儚乕僼傽僗僯儞僌
5951,僟僀僯僠岺嬈
5952,傾儅僥僀
5955,儚僀僘儂乕儖僨傿儞僌僗
5956,僩乕僜乕
5957,擔搶惛岺
5958,嶰梞岺嬈
5959,壀晹
5962,愺崄岺嬈
5965,僼僕儅僢僋
5966,嫗搒婡夿岺嬶
5967,俿俷俶俤
5969,儘僽僥僢僋僗
5970,僕乕僥僋僩
5971,嫟榓岺嬈強
5973,僩乕傾儈
5974,拞崙岺嬈
5975,搶僾儗
5976,崅廃攇擬楤
5981,搶嫗惢峧
5982,儅儖僛儞
5983,僀儚僽僠
5984,寭朳
5985,僒儞僐乕儖
5986,儌儕僥僢僋丂僗僠乕儖
5987,僆乕僱僢僋僗
5988,僷僀僆儔僢僋僗
5989,僄僀僠儚儞
5990,僗乕僷乕僣乕儖
5991,擔杮敪瀶
5992,拞墰敪瀶
5994,僼傽僀儞僔儞僞乕
5997,嫤棫僄傾僥僢僋
5998,傾僪僶僱僋僗
6005,嶰塝岺嬈
6013,僞僋儅
6016,僕儍僷儞僄儞僕儞僐乕億儗乕僔儑儞
6018,嶃恄撪擱婡岺嬈
6022,愒嶃鑓岺強
6023,僟僀僴僣僀儞僼傿僯傾乕僗
6027,曎岇巑僪僢僩僐儉
6028,僥僋僲僾儘丒儂乕儖僨傿儞僌僗
6029,傾僩儔僌儖乕僾
6030,傾僪儀儞僠儍乕
6031,倅俤俿俙
6033,僄僋僗僩儕乕儉
6034,俵俼俿
6035,傾僀丒傾乕儖僕儍僷儞儂乕儖僨傿儞僌僗
6036,俲倕倕俹倕倰媄尋
6037,妝懸
6038,僀乕僪
6039,擔杮摦暔崅搙堛椕僙儞僞乕
6040,擔杮僗僉乕応奐敪
6042,僯僢僉
6044,嶰婡僒乕價僗
6045,儗儞僩儔僢僋僗
6046,儕儞僋僶儖
6047,俧倳値倧倱倷
6049,僀僩僋儘
6050,僀乕丒僈乕僨傿傾儞
6054,儕僽僙儞僗
6055,僕儍僷儞儅僥儕傾儖
6058,儀僋僩儖
6059,僂僠儎儅儂乕儖僨傿儞僌僗
6060,偙偙傠僱僢僩
6061,儐僯僶乕僒儖墍寍幮
6062,僠儍乕儉丒働傾丒僐乕億儗乕僔儑儞
6063,擔杮僄儅乕僕僃儞僔乕傾僔僗僞儞僗
6069,僩儗儞僟乕僘
6070,僉儍儕傾儕儞僋
6071,俬俛俰
6072,抧斦僱僢僩儂乕儖僨傿儞僌僗
6073,傾僒儞僥
6074,僕僃僀僄僗僄僗
6078,僶儕儏乕俫俼
6080,俵仌俙僉儍僺僞儖僷乕僩僫乕僘
6081,傾儔僀僪傾乕僉僥僋僣
6082,儔僀僪僆儞僄僋僗僾儗僗儂乕儖僨傿儞僌僗
6083,俤俼俬儂乕儖僨傿儞僌僗
6085,傾乕僉僥僋僣丒僗僞僕僆丒僕儍僷儞
6086,僔儞儊儞僥儂乕儖僨傿儞僌僗
6087,傾價僗僩
6088,僔僌儅僋僔僗丒儂乕儖僨傿儞僌僗
6089,僂傿儖僌儖乕僾
6090,僸儏乕儅儞丒儊僞儃儘乕儉丒僥僋僲儘僕乕僘
6091,僂僄僗僐儂乕儖僨傿儞僌僗
6092,僄儞僶僀僆丒儂乕儖僨傿儞僌僗
6093,僄僗僋儘乕丒僄乕僕僃儞僩丒僕儍僷儞
6094,僼儕乕僋傾僂僩丒儂乕儖僨傿儞僌僗
6095,儊僪僺傾
6096,儗傾僕儑僽
6098,儕僋儖乕僩儂乕儖僨傿儞僌僗
6099,僄儔儞
6101,僣僈儈
6103,僆乕僋儅
6104,幣塝婡夿
6113,傾儅僟
6118,傾僀僟僄儞僕僯傾儕儞僌
6125,壀杮岺嶌婡夿惢嶌強
6134,俥倀俰俬
6135,杚栰僼儔僀僗惢嶌強
6136,僆乕僄僗僕乕
6137,彫抮巁慺岺嬈
6138,僟僀僕僃僢僩岺嬈
6140,埉僟僀儎儌儞僪岺嬈
6141,俢俵俧怷惛婡
6143,僜僨傿僢僋
6144,惣晹揹婡
6145,俶俬俿俿俷俲倀
6146,僨傿僗僐
6147,儎儅僓僉
6149,彫揷尨僄儞僕僯傾儕儞僌
6150,僞働僟婡夿
6151,擔搶岺婍
6155,崅徏婡夿岺嬈
6156,僄乕儚儞惛枾
6157,擔恑岺嬶
6158,榓堜揷惢嶌強
6159,儈僋儘儞惛枾
6161,僄僗僥傿僢僋
6165,僷儞僠岺嬈
6166,拞懞挻峝
6167,晊巑僟僀僗
6168,俷俶俤丂俧俼俷倀俹
6171,搚栘娗棟憤崌帋尡強
6173,傾僋傾儔僀儞
6174,僨儞僞僗
6176,僽儔儞僕僗僞
6177,俙倫倫俛倎値倠
6178,擔杮梄惌
6180,俧俵俷儊僨傿傾
6181,僞儊僯乕
6182,儊僞儕傾儖
6183,儀儖僔僗僥儉俀係儂乕儖僨傿儞僌僗
6184,姍憅怴彂
6185,俽俵俶
6186,堦憼
6189,僌儘乕僶儖僉僢僘俠俷俵俹俙俶倄
6190,僼僃僯僢僋僗僶僀僆
6191,僄傾僩儕
6193,僶乕僠儍儗僋僗丒儂乕儖僨傿儞僌僗
6194,傾僩儔僄
6195,儂乕僾
6196,僗僩儔僀僋
6197,僜儔僗僩
6198,僉儍儕傾
6199,僙儔僋
6200,僀儞僜乕僗
6201,朙揷帺摦怐婡
6203,朙榓岺嬈
6208,愇愳惢嶌強
6209,儕働儞俶俹俼
6210,俿俷倄俷僀僲儀僢僋僗
6217,捗揷嬵岺嬈
6218,僄儞僔儏僂
6222,搰惛婡惢嶌強
6223,惣晹媄尋
6224,俰俼俠
6226,庣扟桝憲婡岺嬈
6227,俙俬儊僇僥僢僋
6228,僕僃僀丒僀乕丒僥傿
6229,僆乕働乕僄儉
6230,俽俙俶俤俬
6231,栘懞岺婡
6232,俙俠俽俴
6233,俲俴俙俽俽
6235,僆僾僩儔儞
6237,僀儚僉億儞僾
6238,僼儕儏乕
6239,僫僈僆僇
6240,儎儅僔儞僼傿儖僞
6245,僸儔僲僥僋僔乕僪
6246,僥僋僲僗儅乕僩
6247,擔嶃惢嶌強
6248,墶揷惢嶌強
6249,僎乕儉僇乕僪丒僕儑僀僐儂乕儖僨傿儞僌僗
6250,傗傑傃偙
6254,栰懞儅僀僋儘丒僒僀僄儞僗
6255,僄僰丒僺乕丒僔乕
6257,摗彜帠
6258,暯揷婡岺
6262,俹俤俧俙俽倀俽
6264,儅儖儅僄
6265,僐儞僶儉
6266,僞僣儌
6267,僛僱儔儖僷僢僇乕
6268,僫僽僥僗僐
6269,嶰堜奀梞奐敪
6272,儗僆儞帺摦婡
6273,俽俵俠
6276,僔儕僂僗價僕儑儞
6277,儂僜僇儚儈僋儘儞
6278,儐僯僆儞僣乕儖
6279,悙岝
6282,僆僀儗僗岺嬈
6284,擔惛僄乕丒僄僗丒價乕婡夿
6286,栉峛
6287,僒僩乕
6289,媄尋惢嶌強
6291,擔杮僄傾乕僥僢僋
6292,僇儚僞
6293,擔惛庽帀岺嬈
6294,僆僇僟傾僀儓儞
6297,峼尋岺嬈
6298,儚僀僄僀僔僀儂乕儖僨傿儞僌僗
6301,彫徏惢嶌強
6302,廧桭廳婡夿岺嬈
6305,擔棫寶婡
6306,擔岺
6307,僒儞僙僀
6309,攂岺嬈
6310,堜娭擾婡
6312,僼儘僀儞僩嶻嬈
6315,俿俷倂俙
6316,娵嶳惢嶌強
6317,杒愳揝岺強
6322,僞僋儈僫
6323,儘乕僣僃
6324,僴乕儌僯僢僋丒僪儔僀僽丒僔僗僥儉僘
6325,僞僇僉僞
6326,僋儃僞
6327,杒愳惛婡
6328,塦尨幚嬈
6330,搶梞僄儞僕僯傾儕儞僌
6331,嶰旽壔岺婡
6332,寧搰儂乕儖僨傿儞僌僗
6333,掗崙揹婡惢嶌強
6334,柧帯婡夿
6335,搶嫗婡夿惢嶌強
6336,愇堜昞婰
6337,僥僙僢僋
6338,僞僇僩儕
6339,怴搶岺嬈
6340,郌扟岺嬈
6342,懢暯惢嶌強
6343,僼儕乕僕傾丒儅僋儘僗
6345,傾僀僠丂僐乕億儗乕僔儑儞
6346,僉僋僇儚僄儞僞乕僾儔僀僘
6347,僾儔僐乕
6349,彫怷僐乕億儗乕僔儑儞
6351,掃尒惢嶌強
6356,擔杮僊傾岺嬈
6357,嶰惛僥僋僲儘僕乕僘
6358,庰堜廳岺嬈
6360,搶嫗帺摥婡夿惢嶌強
6361,塦尨惢嶌強
6363,撗搰惢嶌強
6364,俙俬俼俵俙俶
6365,揹嬈幮婡夿惢嶌強
6366,愮戙揷壔岺寶愝
6367,僟僀僉儞岺嬈
6368,僆儖僈僲
6369,僩乕儓乕僇僱僣
6370,孖揷岺嬈
6371,捴杮僠僄僀儞
6373,戝摨岺嬈
6376,擔婡憰
6378,栘懞壔岺婡
6379,儗僀僘僱僋僗僩
6380,僆儕僄儞僞儖僠僄儞岺嬈
6381,傾僱僗僩娾揷
6382,僩儕僯僥傿岺嬈
6383,僟僀僼僋
6384,徍榓恀嬻
6387,僒儉僐
6390,壛摗惢嶌強
6391,壛抧僥僢僋
6392,儎儅僟僐乕億儗乕僔儑儞
6393,桘尋岺嬈
6395,僞僟僲
6396,塅栰郪慻鑓岺強
6400,晄擇惛婡
6402,寭徏僄儞僕僯傾儕儞僌
6403,悈摴婡岺
6405,楅栁婍岺
6406,僼僕僥僢僋
6407,俠俲俢
6408,彫憅僋儔僢僠
6411,拞栰椻婡
6412,暯榓
6413,棟憐壢妛岺嬈
6416,宩愳揹婡
6417,俽俙俶俲倄俷
6418,擔杮嬥慘婡夿
6419,儅乕僗僌儖乕僾儂乕儖僨傿儞僌僗
6420,僈儕儗僀
6424,崅尒戲僒僀僶僱僥傿僢僋僗
6425,儐僯僶乕僒儖僄儞僞乕僥僀儞儊儞僩
6428,僆乕僀僘儈
6430,僟僀僐僋揹婡
6432,抾撪惢嶌強
6433,僸乕僴僀僗僩
6436,傾儅僲
6440,俰倀俲俬
6444,僒儞僨儞
6445,僕儍僲儊
6448,僽儔僓乕岺嬈
6454,儅僢僋僗
6455,儌儕僞儂乕儖僨傿儞僌僗
6457,僌儘乕儕乕
6458,怴峎岺嬈
6459,戝榓椻婡岺嬈
6460,僙僈僒儈乕儂乕儖僨傿儞僌僗
6463,俿俹俼
6464,僣僶僉丒僫僇僔儅
6465,儂僔僓僉
6466,俿倁俤
6467,僯僠僟僀
6469,曻揹惛枾壛岺尋媶強
6470,戝朙岺嬈
6471,擔杮惛岺
6472,俶俿俶
6473,僕僃僀僥僋僩
6474,晄擇墇
6479,儈僱儀傾儈僣儈
6480,擔杮僩儉僜儞
6481,俿俫俲
6482,倄倀俽俫俬俶
6484,俲倁俲
6485,慜郪媼憰岺嬈
6486,僀乕僌儖岺嬈
6488,儓僔僞働
6489,慜郪岺嬈
6490,俹俬俴俴俙俼
6492,壀栰僶儖僽惢憿
6493,俶俬俿俿俙俶
6494,俶俥俲儂乕儖僨傿儞僌僗
6495,媨擖僶儖僽惢嶌強
6496,拞杒惢嶌強
6497,僴儅僀
6498,僉僢僣
6501,擔棫惢嶌強
6503,嶰旽揹婡
6504,晉巑揹婡
6505,搶梞揹婡惢憿
6506,埨愳揹婡
6507,僔儞僼僅僯傾僥僋僲儘僕乕
6508,柧揹幧
6513,僆儕僕儞
6516,嶳梞揹婥
6517,僨儞儓乕
6518,嶰憡揹婡
6521,僆僉僒僀僪
6522,傾僗僞儕僗僋
6523,俹俫俠儂乕儖僨傿儞僌僗
6524,屛杒岺嬈
6525,俲俷俲倀俽俙俬丂俤俴俤俠俿俼俬俠
6526,僜僔僆僱僋僗僩
6527,儚僇惢嶌強
6532,儀僀僇儗儞僩
6533,俷倰們倛倕倱倲倰倎丂俫倧倢倓倝値倗倱
6535,傾僀儌僶僀儖
6537,倂俙俽俫僴僂僗
6538,僨傿僗儔僾僞乕僘
6539,俵俽亅俰倎倫倎値
6540,慏応
6542,俥俠儂乕儖僨傿儞僌僗
6543,擔愰
6544,僕儍僷儞僄儗儀乕僞乕僒乕價僗儂乕儖僨傿儞僌僗
6545,僀儞僞乕僱僢僩僀儞僼傿僯僥傿乕
6546,僼儖僥僢僋
6547,僌儕乕儞僘
6548,椃岺朳
6549,僨傿乕僄儉僜儕儏乕僔儑儞僘
6551,僣僫僌僌儖乕僾丒儂乕儖僨傿儞僌僗
6552,俧倎倣倕倂倝倲倛
6554,僄僗儐乕僄僗
6555,俵俽仌俠倧値倱倳倢倲倝値倗
6557,俙俬俙俬僌儖乕僾
6558,僋僢僋價僘
6560,僄儖丒僥傿乕丒僄僗
6561,俫俙俶俙俿俷倀俼丂俰俙俹俙俶
6562,僕乕僯乕
6563,傒傜偄儚乕僋僗
6564,儈僟僢僋儂乕儖僨傿儞僌僗
6565,俙俛儂僥儖
6566,梫嫽嬈
6568,恄屗揤慠暔壔妛
6570,嫟榓僐乕億儗乕僔儑儞
6571,僉儏乕價乕僱僢僩儂乕儖僨傿儞僌僗
6572,僆乕僾儞僌儖乕僾
6573,傾僕儍僀儖儊僨傿傾丒僱僢僩儚乕僋
6574,僐儞償傽僲
6576,梘岺幧
6577,儀僗僩儚儞僪僢僩僐儉
6578,僐儗僢僋儂乕儖僨傿儞僌僗
6579,儘僌儕乕
6580,儔僀僩傾僢僾
6584,嶰烴岺嬈
6586,儅僉僞
6588,搶幣僥僢僋
6590,幣塝儊僇僩儘僯僋僗
6592,儅僽僠儌乕僞乕
6594,僯僨僢僋
6596,拀攇惛岺
6597,俫俹俠僔僗僥儉僘
6599,僄僽儗儞
6612,僶儖儈儏乕僟
6613,俻俢儗乕僓
6614,僔僉僲僴僀僥僢僋
6615,儐乕丒僄儉丒僔乕丒僄儗僋僩儘僯僋僗
6616,僩儗僢僋僗丒僙儈僐儞僟僋僞乕
6617,搶岝崅妜
6619,僟僽儖丒僗僐乕僾
6620,媨墇儂乕儖僨傿儞僌僗
6622,僟僀僿儞
6625,俰俙俴俠俷儂乕儖僨傿儞僌僗
6626,俽俤俵俬俿俤俠
6627,僥儔僾儘乕僽
6629,僥僋僲儂儔僀僝儞
6630,儎乕儅儞
6632,俰倁俠働儞僂僢僪
6633,俠俧俽儂乕儖僨傿儞僌僗
6634,僱僋僗僌儖乕僾
6635,戝擔岝丒僄儞僕僯傾儕儞僌
6637,帥嶈揹婥嶻嬈
6638,儈儅僉僄儞僕僯傾儕儞僌
6643,屗忋揹婡惢嶌強
6644,戝嶈揹婥岺嬈
6645,僆儉儘儞
6647,怷旜揹婡
6648,偐傢偱傫
6651,擔搶岺嬈
6652,俬俢俤俠
6653,惓嫽揹婡惢嶌強
6654,晄擇揹婡岺嬈
6656,僀儞僗儁僢僋
6658,僔儔僀揹巕岺嬈
6659,儊僨傿傾儕儞僋僗
6662,儐價僥僢僋
6663,懢梞僥僋僲儗僢僋僗
6664,僆僾僩僄儗僋僩儘僯僋僗
6666,儕僶乕僄儗僥僢僋
6668,傾僪僥僢僋丂僾儔僘儅丂僥僋僲儘僕乕
6670,俵俠俰
6674,僕乕僄僗丒儐傾僒丂僐乕億儗乕僔儑儞
6675,僒僋僒
6676,俛倀俥俥俙俴俷
6677,僄僗働乕僄儗僋僩儘僯僋僗
6678,僥僋僲儊僨傿僇
6694,僘乕儉
6695,僉儍僗僩儕僐
6696,僩儔乕僗丒僆儞丒僾儘僟僋僩
6699,僟僀儎儌儞僪僄儗僋僩儕僢僋儂乕儖僨傿儞僌僗
6701,擔杮揹婥
6702,晉巑捠
6703,壂揹婥岺嬈
6706,揹婥嫽嬈
6707,僒儞働儞揹婥
6718,傾僀儂儞
6721,僂僀儞僥僗僩
6723,儖僱僒僗僄儗僋僩儘僯僋僗
6724,僙僀僐乕僄僾僜儞
6727,儚僐儉
6728,傾儖僶僢僋
6730,傾僋僙儖
6731,僺僋僙儔
6734,僯儏乕僥僢僋
6736,僒儞揹巕
6737,俤俬倅俷
6740,僕儍僷儞僨傿僗僾儗僀
6741,擔杮怣崋
6742,嫗嶰惢嶌強
6743,戝摨怣崋
6744,擻旤杊嵭
6745,儂乕僠僉
6748,惎榓揹婡
6750,僄儗僐儉
6752,僷僫僜僯僢僋丂儂乕儖僨傿儞僌僗
6753,僔儍乕僾
6754,傾儞儕僣
6757,俷俽俧僐乕億儗乕僔儑儞
6758,僜僯乕僌儖乕僾
6762,俿俢俲
6763,掗崙捠怣岺嬈
6768,僞儉儔惢嶌強
6769,僓僀儞僄儗僋僩儘僯僋僗
6770,傾儖僾僗傾儖僷僀儞
6771,抮忋捠怣婡
6772,搶嫗僐僗儌僗揹婡
6775,俿俛僌儖乕僾
6776,揤徃揹婥岺嬈
6777,倱倎値倲倕們丂俫倧倢倓倝値倗倱
6778,傾儖僠僓僱僢僩儚乕僋僗
6779,擔杮揹攇岺嬈
6785,楅栘
6786,俼倁俫
6787,儊僀僐乕
6788,擔杮僩儕儉
6794,僼僅僗僞乕揹婡
6797,柤屆壆揹婡岺嬈
6798,俽俵俲
6800,儓僐僆
6803,僥傿傾僢僋
6804,儂僔僨儞
6806,僸儘僙揹婡
6807,擔杮峲嬻揹巕岺嬈
6809,俿俷俙
6810,儅僋僙儖
6814,屆栰揹婥
6817,僗儈僟僐乕億儗乕僔儑儞
6819,埳摛僔儍儃僥儞儕僝乕僩
6820,傾僀僐儉
6822,戝堜揹婥
6823,儕僆儞
6824,怴僐僗儌僗揹婡
6832,傾僆僀揹巕
6834,惛岺媄尋
6835,傾儔僀僪僥儗僔僗儂乕儖僨傿儞僌僗
6836,傉傜偭偲儂乕儉
6837,嫗幨
6838,懡杸愳儂乕儖僨傿儞僌僗
6840,俙俲俬俛俙儂乕儖僨傿儞僌僗
6841,墶壨揹婡
6844,怴揹尦岺嬈
6845,傾僘價儖
6848,搶垷僨傿乕働乕働乕
6849,擔杮岝揹岺嬈
6850,僠僲乕
6853,嫟榓揹嬈
6855,擔杮揹巕嵽椏
6856,杧応惢嶌強
6857,傾僪僶儞僥僗僩
6858,彫栰應婍
6859,僄僗儁僢僋
6861,僉乕僄儞僗
6862,儈僫僩儂乕儖僨傿儞僌僗
6863,僯儗僐
6864,僄僰僄僼儂乕儖僨傿儞僌僗
6866,擔抲揹婡
6867,儕乕僟乕揹巕
6869,僔僗儊僢僋僗
6870,擔杮僼僃儞僆乕儖
6871,擔杮儅僀僋儘僯僋僗
6874,嫤棫揹婡
6875,儊僈僠僢僾僗
6877,俷俛俙俼俙丂俧俼俷倀俹
6882,嶰幮揹婡惢嶌強
6888,傾僋儌僗
6890,僼僃儘乕僥僢僋
6894,僷儖僗僥僢僋岺嬈
6897,僣僀儞僶乕僪
6898,僩儈僞揹婡
6899,俙俽俿俬
6901,郪摗揹婡
6902,僨儞僜乕
6904,尨揷岺嬈
6905,僐乕僙儖
6907,僕僆儅僥僢僋
6908,僀儕僜揹巕岺嬈
6912,媏悈儂乕儖僨傿儞僌僗
6914,僆僾僥僢僋僗僌儖乕僾
6915,愮戙揷僀儞僥僌儗
6918,傾僶乕儖僨乕僞
6919,働儖
6920,儗乕僓乕僥僢僋
6923,僗僞儞儗乕揹婥
6925,僂僔僆揹婡
6926,壀扟揹婡嶻嬈
6927,僿儕僆僗丂僥僋僲丂儂乕儖僨傿儞僌
6928,僄僲儌僩
6929,擔杮僙儔儈僢僋
6930,擔杮傾儞僥僫
6932,墦摗徠柧
6937,屆壨揹抮
6941,嶳堦揹婡
6942,僜僼傿傾儂乕儖僨傿儞僌僗
6943,俶俲俲僗僀僢僠僘
6946,擔杮傾價僆僯僋僗
6947,恾尋
6951,擔杮揹巕
6952,僇僔僆寁嶼婡
6954,僼傽僫僢僋
6955,俥俢俲
6957,幣塝揹巕
6958,擔杮僔僀僄儉働僀
6960,僼僋僟揹巕
6961,僄儞僾儔僗
6962,戝恀嬻
6963,儘乕儉
6964,僒儞僐乕
6965,昹徏儂僩僯僋僗
6966,嶰堜僴僀僥僢僋
6969,徏旜揹婡
6971,嫗僙儔
6973,嫤塰嶻嬈
6976,懢梲桿揹
6977,擔杮掞峈婍惢嶌強
6981,懞揷惢嶌強
6982,儕乕僪
6986,憃梩揹巕岺嬈
6988,擔搶揹岺
6989,杒棨揹婥岺嬈
6993,戝崟壆儂乕儖僨傿儞僌僗
6994,巜寧揹婡惢嶌強
6995,搶奀棟壔揹婡惢嶌強
6996,僯僠僐儞
6997,擔杮働儈僐儞
6998,擔杮僞儞僌僗僥儞
6999,俲俷俙
7003,嶰堜俤仌俽
7004,僇僫僨價傾
7011,嶰旽廳岺嬈
7012,愳嶈廳岺嬈
7013,俬俫俬
7014,柤懞憿慏強
7018,撪奀憿慏
7021,僯僢僠僣
7022,僒僲儎僗儂乕儖僨傿儞僌僗
7030,僗僾儕僢僋僗
7031,僀儞僶僂儞僪僥僢僋
7033,儅僱僕儊儞僩僜儕儏乕僔儑儞僘
7034,僾儘儗僪丒僷乕僩僫乕僘
7035,倎値倓丂倖倎們倲倧倰倷
7036,僀乕僄儉僱僢僩僕儍僷儞
7037,僥僲丏儂乕儖僨傿儞僌僗
7038,僼儘儞僥傿傾丒儅僱僕儊儞僩
7039,僽儕僢僕僀儞僞乕僫僔儑僫儖
7040,僒儞丒儔僀僼儂乕儖僨傿儞僌
7041,俠俼俧儂乕儖僨傿儞僌僗
7042,傾僋僙僗僌儖乕僾丒儂乕儖僨傿儞僌僗
7043,傾儖乕
7044,僺傾儔
7046,俿俢俽俤
7047,億乕僩
7048,儀儖僩儔
7049,幆妛
7050,僼儘儞僥傿傾僀儞僞乕僫僔儑僫儖
7056,儅儖僋
7057,僄僰丒僔乕丒僄僰
7058,嫟塰僙僉儏儕僥傿乕僒乕價僗
7059,僐僾儘丒儂乕儖僨傿儞僌僗
7060,僊乕僋僗
7061,擔杮儂僗僺僗儂乕儖僨傿儞僌僗
7062,僼儗傾僗
7063,俛倝倰倓倣倎値
7064,僴僂僥儗價僕儑儞
7065,儐乕僺乕傾乕儖
7066,僺傾僘
7067,僽儔儞僨傿儞僌僥僋僲儘僕乕
7068,僼傿乕僪僼僅乕僗僌儖乕僾
7069,僒僀僶乕丒僶僘
7071,傾儞價僗儂乕儖僨傿儞僌僗
7072,僀儞僥傿儊乕僩丒儅乕僕儍乕
7073,僕僃僀僢僋
7074,僩僁僄儞僥傿乕僼僅乕僙僽儞儂乕儖僨傿儞僌僗
7075,俻俴俽儂乕儖僨傿儞僌僗
7077,俙俴倝俶俲僀儞僞乕僱僢僩
7078,俬俶俠俴倀俽俬倁俤
7079,倂俢俛僐僐
7080,僗億乕僣僼傿乕儖僪
7081,僐乕儐乕儗儞僥傿傾
7082,僕儌僥傿乕
7083,俙俫俠僌儖乕僾
7084,俽倣倝倢倕丂俫倧倢倓倝値倗倱
7085,僇乕僽僗儂乕儖僨傿儞僌僗
7087,僂僀儖僥僢僋
7088,僼僅乕儔儉僄儞僕僯傾儕儞僌
7089,僼僅乕僗僞乕僩傾僢僾僗
7090,儕僌傾
7091,儕價儞僌僾儔僢僩僼僅乕儉
7092,俥倎倱倲丂俥倝倲値倕倱倱丂俰倎倫倎値
7093,傾僨傿僢僔儏
7094,俶倕倶俿倧値倕
7095,俵倎們倐倕倕丂俹倢倎値倕倲
7096,僗僥儉僙儖尋媶強
7097,偝偔傜偝偔僾儔僗
7098,僄乕僕僃儞僩
7102,擔杮幵鐀惢憿
7105,嶰旽儘僕僗僱僋僗僩
7110,僋儔僔僐儉
7111,俬俶俤俽俿
7112,僉儏乕僽
7114,僼乕僨傿僜儞
7115,傾儖僼傽僷乕僠僃僗
7116,僟僀儚捠怣
7119,僴儖儊僋儂乕儖僨傿儞僌僗
7120,俽俫俬俶俲俷
7122,嬤婨幵鏿
7126,僌儘乕僶儖僗僞僀儖
7127,堦壠儂乕儖僨傿儞僌僗
7128,僼儖僒僩丒儅儖僇儂乕儖僨傿儞僌僗
7129,儈傾僿儖僒儂乕儖僨傿儞僌僗
7130,儎儅僄僌儖乕僾儂乕儖僨傿儞僌僗
7131,偺傓傜嶻嬈
7132,僼儘乕僶儖
7133,俫倄倀俧俙丂俹俼俬俵俙俼倄丂俠俙俼俤
7134,傾僢僾僈儗乕僕僌儖乕僾
7135,僕儍僷儞僋儔僼僩儂乕儖僨傿儞僌僗
7136,僂僃儖價儞僌儖乕僾
7137,僌儔儞僩儅僩
7138,俿俷俼俬俠俷
7139,搶嫗崅埑嶳嶈
7140,儁僢僩僑乕
7148,俥俹俧
7150,搰崻嬧峴
7157,儔僀僼僱僢僩惗柦曐尟
7161,偠傕偲儂乕儖僨傿儞僌僗
7162,傾僗僩儅僢僋僗
7164,慡崙曐徹
7167,傔傇偒僼傿僫儞僔儍儖僌儖乕僾
7170,拞墰僀儞僞乕僫僔儑僫儖僌儖乕僾
7172,僕儍僷儞僀儞儀僗僩儊儞僩傾僪僶僀僓乕
7173,搶嫗偒傜傏偟僼傿僫儞僔儍儖僌儖乕僾
7175,崱懞徹寯
7176,僔儞僾儗僋僗丒僼傽僀僫儞僔儍儖丒儂乕儖僨傿儞僌僗
7177,俧俵俷僼傿僫儞僔儍儖儂乕儖僨傿儞僌僗
7180,嬨廈僼傿僫儞僔儍儖僌儖乕僾
7181,偐傫傐惗柦曐尟
7182,備偆偪傚嬧峴
7183,偁傫偟傫曐徹
7184,晉嶳戞堦嬧峴
7185,僸儘僙捠彜
7186,僐儞僐儖僨傿傾丒僼傿僫儞僔儍儖僌儖乕僾
7187,僕僃僀儕乕僗
7189,惣擔杮僼傿僫儞僔儍儖儂乕儖僨傿儞僌僗
7191,僀儞僩儔僗僩
7192,擔杮儌乕僎乕僕僒乕價僗
7196,俠倎倱倎
7198,俽俛俬傾儖僸
7199,僾儗儈傾僌儖乕僾
7201,擔嶻帺摦幵
7202,偄偡乁帺摦幵
7203,僩儓僞帺摦幵
7205,擔栰帺摦幵
7208,僇僱儈僣
7211,嶰旽帺摦幵岺嬈
7212,僄僼僥僢僋
7213,儗僔僢僾儂乕儖僨傿儞僌僗
7214,俧俵俛
7215,僼傽儖僥僢僋
7217,僥僀儞
7218,揷拞惛枾岺嬈
7219,僄僢僠丒働乕丒僄僗
7220,晲憼惛枾岺嬈
7222,擔嶻幵懱
7224,怴柧榓岺嬈
7226,嬌搶奐敪岺嬈
7228,僨僀僩僫
7229,儐僞僇媄尋
7231,僩僺乕岺嬈
7235,搶嫗儔僡僄乕僞乕惢憿
7236,僥傿儔僪
7238,弻僽儗乕僉岺嬈
7239,僞僠僄僗
7240,俶俷俲
7241,僼僞僶嶻嬈
7242,僇儎僶
7244,巗岝岺嬈
7245,戝摨儊僞儖岺嬈
7246,僾儗僗岺嬈
7247,儈僋僯
7250,懢暯梞岺嬈
7254,儐僯僶儞僗
7255,嶗堜惢嶌強
7256,壨惣岺嬈
7259,傾僀僔儞
7261,儅僣僟
7264,儉儘僐乕億儗乕僔儑儞
7265,僄僀働儞岺嬈
7266,崱愬揹婡惢嶌強
7267,杮揷媄尋岺嬈
7269,僗僘僉
7270,俽倀俛俙俼倀
7271,埨塱
7272,儎儅僴敪摦婡
7273,僀僋儓
7276,彫巺惢嶌強
7277,俿俛俲
7278,僄僋僙僨傿
7279,僴僀儗僢僋僗僐乕億儗乕僔儑儞
7280,儈僣僶
7282,朙揷崌惉
7283,垽嶰岺嬈
7284,柨榓嶻嬈
7287,擔杮惛婡
7291,擔杮僾儔僗僩
7292,懞忋奐柧摪
7294,儓儘僘
7296,僄僼丒僔乕丒僔乕
7297,僇乕儊僀僩
7299,僼僕僆乕僛僢僋僗
7305,怴壠岺嬈
7309,僔儅僲
7313,僥僀丒僄僗丂僥僢僋
7314,彫揷尨婡婍
7317,徏壆傾乕儖傾儞僪僨傿
7318,僙儗儞僨傿僢僾丒儂乕儖僨傿儞僌僗
7320,俽倧倢倴倴倷
7322,嶰廫嶰僼傿僫儞僔儍儖僌儖乕僾
7325,傾僀儕僢僋僐乕億儗乕僔儑儞
7326,俽俛俬僀儞僔儏傾儔儞僗僌儖乕僾
7327,戞巐杒墇僼傿僫儞僔儍儖僌儖乕僾
7337,傂傠偓傫儂乕儖僨傿儞僌僗
7343,僽儘乕僪儅僀儞僪
7345,傾僀丒僷乕僩僫乕僘僼傿僫儞僔儍儖
7347,儅乕僉儏儕傾儂乕儖僨傿儞僌僗
7350,偍偒側傢僼傿僫儞僔儍儖僌儖乕僾
7351,僌僢僪僷僢僠
7352,俿倂俷俽俿俷俶俤仌俽倧値倱
7353,俲俬倄俷儔乕僯儞僌
7354,僟僀儗僋僩儅乕働僥傿儞僌儈僢僋僗
7355,堦悺朳
7356,俼倕倲倲倷
7357,僕僆僐乕僪
7358,億僺儞僘
7359,搶嫗捠怣僌儖乕僾
7360,僆儞僨僢僋
7361,僸儏乕儅儞僋儕僄僀僔儑儞儂乕儖僨傿儞僌僗
7362,俿丏俽丏俬
7363,儀價乕僇儗儞僟乕
7364,棶媴傾僗僥傿乕僟僗億乕僣僋儔僽
7366,俴俬俿俙俴俬俠俷
7367,僙儖儉
7368,昞帵摂
7369,儊僀儂乕儂乕儖僨傿儞僌僗
7370,俤値倞倝値
7371,倅倕値倠倕値
7372,僨僐儖僥丒儂乕儖僨傿儞僌僗
7373,傾僀僪儅丒儂乕儖僨傿儞僌僗
7374,僐儞僼傿僨儞僗丒僀儞僞乕儚乕僋僗
7375,儕僼傽僀儞僶乕僗僌儖乕僾
7376,俛俠俠
7377,俢俶儂乕儖僨傿儞僌僗
7378,傾僔儘
7380,廫榋僼傿僫儞僔儍儖僌儖乕僾
7381,杒殸僼傿僫儞僔儍儖儂乕儖僨傿儞僌僗
7383,僱僢僩僾儘僥僋僔儑儞僘儂乕儖僨傿儞僌僗
7384,僾儘僋儗傾儂乕儖僨傿儞僌僗
7388,俥俹僷乕僩僫乕
7389,偁偄偪僼傿僫儞僔儍儖僌儖乕僾
7399,僫儞僔儞
7409,俙倕倰倧俤倓倗倕
7412,傾僩儉
7413,憂寬幮
7414,彫栰寶
7416,偼傞傗傑儂乕儖僨傿儞僌僗
7417,撿梲
7419,僲僕儅
7420,嵅捁揹婡
7421,僇僢僷丒僋儕僄僀僩
7422,搶朚儗儅僢僋
7425,弶曚彜帠
7426,嶳戝
7427,僄僐乕僩儗乕僨傿儞僌
7433,攲搶
7434,僆乕僞働
7435,僫丒僨僢僋僗
7438,僐儞僪乕僥僢僋
7442,拞嶳暉
7443,墶昹嫑椶
7444,僴儕儅嫟榓暔嶻
7445,儔僀僩僆儞
7446,搶杒壔妛栻昳
7447,僫僈僀儗乕儀儞
7450,僒儞僨乕
7453,椙昳寁夋
7455,僷儕儈僉儂乕儖僨傿儞僌僗
7456,徏揷嶻嬈
7458,戞堦嫽彜
7459,儊僨傿僷儖儂乕儖僨傿儞僌僗
7460,儎僊
7461,僉儉儔
7462,俠俙俹俬俿俙
7463,傾僪償傽儞僌儖乕僾
7464,僙僼僥僢僋
7466,俽俹俲
7467,攱尨揹婥儂乕儖僨傿儞僌僗
7472,捁塇梞峴
7475,傾儖價僗
7476,傾僘儚儞
7477,儉儔僉
7480,僗僘僨儞
7481,旜壠嶻嬈
7482,僔儌僕儅
7483,僪僂僔僔儍
7486,僒儞儕儞
7487,彫捗嶻嬈
7490,擔怴彜帠
7494,僐僫僇
7500,惣愳寁應
7501,僥傿儉僐
7502,僾儔僓儂乕儖僨傿儞僌僗
7504,崅懍
7505,晑孠揹捠
7506,僴僂僗丂僆僽丂儘乕僛
7508,俧乚俈儂乕儖僨傿儞僌僗
7509,傾僀僄乕僌儖乕僾
7510,偨偗傃偟
7512,僀僆儞杒奀摴
7513,僐僕儅
7514,僸儅儔儎
7515,儅儖儓僔僙儞僞乕
7516,僐乕僫儞彜帠
7520,僄僐僗
7521,儉僒僔
7522,儚僞儈
7523,傾乕儖價僶儞
7524,儅儖僔僃
7525,儕僢僋僗
7527,僔僗僥儉僜僼僩
7531,惔榓拞墰儂乕儖僨傿儞僌僗
7532,僷儞丒僷僔僼傿僢僋丒僀儞僞乕僫僔儑僫儖儂乕儖僨傿儞僌僗
7537,娵暥
7538,戝悈
7539,傾僀僫儃儂乕儖僨傿儞僌僗
7544,僗儕乕僄僼
7545,惣徏壆僠僃乕儞
7550,僛儞僔儑乕儂乕儖僨傿儞僌僗
7551,僂僃僢僘
7552,僴僺僱僢僩
7554,岾妝墤
7555,戝揷壴偒
7561,僴乕僋僗儗僀
7562,埨妝掄
7564,儚乕僋儅儞
7565,漭悽揹婡
7567,塰揹巕
7570,嫶杮憤嬈儂乕儖僨傿儞僌僗
7571,儎儅僲儂乕儖僨傿儞僌僗
7575,擔杮儔僀僼儔僀儞
7578,僯僠儕儑僋
7581,僒僀僛儕儎
7585,偐傫側傫娵
7590,僞僇僔儑乕
7593,倁俿儂乕儖僨傿儞僌僗
7595,傾儖僑僌儔僼傿僢僋僗
7596,嫑椡
7599,俬俢俷俵
7600,擔杮僄儉丒僨傿丒僄儉
7601,億僾儔
7602,儗僟僢僋僗
7603,僕乕僀僄僢僩
7604,攡偺壴僌儖乕僾
7605,僼僕丒僐乕億儗乕僔儑儞
7606,儐僫僀僥僢僪傾儘乕僘
7607,恑榓
7608,僄僗働僀僕儍僷儞
7609,僟僀僩儘儞
7610,僥僀僣乕
7611,僴僀僨僀擔崅
7613,僔乕僋僗
7614,僆乕僄儉僣乕僱僢僩儚乕僋
7615,嫗搒偒傕偺桭慣儂乕儖僨傿儞僌僗
7616,僐儘儚僀僪
7619,揷拞彜帠
7621,偆偐偄
7624,俶倎俬俿俷
7625,僌儘乕僶儖僟僀僯儞僌
7628,僆乕僴僔僥僋僯僇
7630,堧斣壆
7634,惎堛椕巁婍
7635,悪揷僄乕僗
7636,僴儞僘儅儞
7637,敀摵
7638,俶俤倂丂俙俼俿丂俫俷俴俢俬俶俧俽
7640,僩僢僾僇儖僠儍乕
7643,僟僀僀僠
7646,俹俴俙俶俿
7649,僗僊儂乕儖僨傿儞僌僗
7670,僆乕僂僄儖
7673,僟僀僐乕捠嶻
7674,俶俙俿俿倄丂俽倂俙俶俲倄儂乕儖僨傿儞僌僗
7677,儎僔儅僉僓僀
7678,偁偝偔傑
7679,栻墹摪儂乕儖僨傿儞僌僗
7680,寉帺摦幵娰
7681,儗僆僋儔儞
7682,昹栘柸
7683,僟僽儖僄乕
7685,俛倳倷俽倕倢倢丂俿倕們倛値倧倢倧倗倝倕倱
7686,傂偲傑偄傞
7687,儈僋儕乕僪
7689,僐僷丒僐乕億儗乕僔儑儞
7690,僇儗儞僩帺摦幵
7691,俠丂俠倛倎値値倕倢
7692,傾乕僗僀儞僼傿僯僥傿
7693,杒奀摴帟壢嶻嬈
7694,偄偮傕
7695,岎姺偱偒傞偔傫
7698,傾僀僗僐
7699,僆儉僯丒僾儔僗丒僔僗僥儉丒儕儈僥僢僪丂俰俢俼
7701,搰捗惢嶌強
7702,俰俵俽
7707,僾儗僔僕儑儞丒僔僗僥儉丒僒僀僄儞僗
7709,僋儃僥僢僋
7711,彆愳揹婥岺嬈
7713,僔僌儅岝婡
7715,挿栰寁婍
7716,僫僇僯僔
7717,僽僀丒僥僋僲儘僕乕
7718,僗僞乕惛枾
7719,搶嫗峵婡
7721,搶嫗寁婍
7722,崙嵺寁應婍
7723,垽抦帪寁揹婡
7725,僀儞僞乕傾僋僔儑儞
7726,崟揷惛岺
7727,僆乕僶儖
7729,搶嫗惛枾
7730,儅僯乕
7731,僯僐儞
7732,僩僾僐儞
7733,僆儕儞僷僗
7734,棟尋寁婍
7735,俽俠俼俤俤俶儂乕儖僨傿儞僌僗
7739,僉儎僲儞揹巕
7740,僞儉儘儞
7741,俫俷倄俙
7743,僔乕僪
7744,僲乕儕僣峾婡
7745,俙仌俢儂儘儞儂乕儖僨傿儞僌僗
7746,壀杮徤巕
7747,挬擔僀儞僥僢僋
7749,儊僨傿僉僢僩
7751,僉儎僲儞
7752,儕僐乕
7760,俬俵倁
7762,僔僠僘儞帪寁
7769,儕僘儉
7771,擔杮惛枾
7774,僕儍僷儞丒僥傿僢僔儏僄儞僕僯傾儕儞僌
7775,戝尋堛婍
7776,僙儖僔乕僪
7777,僗儕乕丒僨傿乕丒儅僩儕僢僋僗
7779,俠倄俛俤俼俢倄俶俤
7780,儊僯僐儞
7781,暯嶳儂乕儖僨傿儞僌僗
7782,僔儞僔傾
7791,僪儕乕儉儀僢僪
7792,僐儔儞僩僢僥
7793,僀儊乕僕丒儅僕僢僋
7794,僀乕僨傿乕僺乕
7795,俲倄俷俼俬俿俽倀
7800,傾儈僼傽
7803,僽僔儘乕僪
7804,價乕傾儞僪僺乕
7805,僾儕儞僩僱僢僩
7806,俵俿俧
7807,岾榓惢嶌強
7808,僔乕丒僄僗丒儔儞僶乕
7809,氭壆
7810,僋儘僗僼僅乕
7811,拞杮僷僢僋僗
7812,僋儗僗僥僢僋
7813,僾儔僢僣
7814,擔杮憂敪僌儖乕僾
7815,搶嫗儃乕僪岺嬈
7817,僷儔儅僂儞僩儀僢僪儂乕儖僨傿儞僌僗
7818,僩儔儞僓僋僔儑儞
7819,徬旤摪
7820,僯儂儞僼儔僢僔儏
7821,慜揷岺慇
7822,塱戝嶻嬈
7823,傾乕僩僱僀僠儍乕
7826,僼儖儎嬥懏
7827,僆乕價僗
7831,僂僀儖僐儂乕儖僨傿儞僌僗
7832,僶儞僟僀僫儉僐儂乕儖僨傿儞僌僗
7833,傾僀僼傿僗僕儍僷儞
7836,傾價僢僋僗
7837,傾乕儖僔乕僐傾
7839,俽俫俷俤俬
7840,僼儔儞僗儀僢僪儂乕儖僨傿儞僌僗
7841,墦摗惢嶌強
7844,儅乕儀儔僗
7846,僷僀儘僢僩僐乕億儗乕僔儑儞
7847,僌儔僼傽僀僩僨僓僀儞
7849,僗僞乕僣弌斉
7850,憤崌彜尋
7851,僇儚僙僐儞僺儏乕僞僒僾儔僀
7856,攱尨岺嬈
7857,僙僉
7859,傾儖儊僨傿僆
7860,僄僀儀僢僋僗
7863,暯夑
7864,僼僕僔乕儖僀儞僞乕僫僔儑僫儖
7865,僺乕僾儖
7867,僞僇儔僩儈乕
7868,峀嵪摪儂乕儖僨傿儞僌僗
7871,僼僋價壔妛岺嬈
7872,僄僗僥乕儖儂乕儖僨傿儞僌僗
7874,儗僢僋
7875,抾揷倝俹儂乕儖僨傿儞僌僗
7877,塱戝壔岺
7878,岝丒嵤
7879,僲僟
7883,僒儞儊僢僙
7885,僞僇僲
7886,儎儅僩丂儌價儕僥傿丂仌丂俵倖倗丏
7887,撿奀僾儔僀僂僢僪
7888,嶰岝崌惉
7893,僾儘僱僋僒僗
7896,僙僽儞岺嬈
7897,儂僋僔儞
7898,僂僢僪儚儞
7901,儅僣儌僩
7902,僜僲僐儉
7906,儓僱僢僋僗
7908,偒傕偲
7911,俿俷俹俹俙俶儂乕儖僨傿儞僌僗
7912,戝擔杮報嶞
7914,嫟摨報嶞
7915,俶俬俽俽俫俙
7916,岝懞報嶞
7917,倅俙俠俼俷俽
7918,償傿傾丒儂乕儖僨傿儞僌僗
7919,栰嶈報嶞巻嬈
7921,俿俙俲俙俼俙丂仌丂俠俷俵俹俙俶倄
7922,嶰岝嶻嬈
7923,僩乕僀儞
7925,慜郪壔惉岺嬈
7927,儉僩乕惛岺
7928,埉壔妛岺嬈
7931,枹棃岺嬈
7932,僯僢僺
7936,傾僔僢僋僗
7937,僣僣儈
7938,儕乕僈儖僐乕億儗乕僔儑儞
7939,尋憂
7940,僂僃乕僽儘僢僋儂乕儖僨傿儞僌僗
7942,俰俽俹
7943,僯僠僴
7944,儘乕儔儞僪
7946,岝梲幮
7947,僄僼僺僐
7949,彫徏僂僆乕儖岺嬈
7951,儎儅僴
7952,壨崌妝婍惢嶌強
7953,媏悈壔妛岺嬈
7955,僋儕僫僢僾
7956,僺僕儑儞
7957,僼僕僐僺傾儞
7962,僉儞僌僕儉
7963,嫽尋
7965,徾報儅儂乕價儞
7966,儕儞僥僢僋
7970,怣墇億儕儅乕
7971,搶儕
7972,僀僩乕僉
7974,擟揤摪
7975,儕僸僩儔僽
7976,嶰旽墧昅
7979,徏晽
7980,廳徏惢嶌強
7981,僞僇儔僗僞儞僟乕僪
7983,儈儘僋
7984,僐僋儓
7985,僱億儞
7986,擔杮傾僀丒僄僗丒働僀
7987,僫僇僶儎僔
7988,僯僼僐
7989,棫愳僽儔僀儞僪岺嬈
7990,僌儘乕僽儔僀僪
7991,儅儈儎丒僆乕僺乕
7992,僙乕儔乕枩擭昅
7994,僆僇儉儔
7995,僶儖僇乕
7997,偔傠偑偹岺嶌強
7999,俵倀俿俷俫儂乕儖僨傿儞僌僗
8001,埳摗拤彜帠
8002,娵峠
8005,僗僋儘乕儖
8006,儐傾僒丒僼僫僔儑僋
8007,崅搰
8008,儓儞僪僔乕儂乕儖僨傿儞僌僗
8011,嶰梲彜夛
8012,挿悾嶻嬈
8013,僫僀僈僀
8014,挶棟
8015,朙揷捠彜
8016,僆儞儚乕僪儂乕儖僨傿儞僌僗
8018,嶰嫟惗嫽
8020,寭徏
8022,旤捗擹
8023,俢俙俬俲俷丂倃俿俤俠俫
8025,僣僇儌僩僐乕億儗乕僔儑儞
8029,儖僢僋儂乕儖僨傿儞僌僗
8030,拞墰嫑椶
8031,嶰堜暔嶻
8032,擔杮巻僷儖僾彜帠
8035,搶嫗僄儗僋僩儘儞
8037,僇儊僀
8039,抸抧嫑巗応
8040,搶嫗僜儚乕儖
8041,俷倀俧儂乕儖僨傿儞僌僗
8043,僗僞乕僛儞
8045,墶昹娵嫑
8046,娵摗僔乕僩僷僀儖
8050,僙僀僐乕僌儖乕僾
8051,嶳慞
8052,捴杮嫽嬈
8053,廧桭彜帠
8056,俛俬俹俼俷俧倄
8057,撪揷梞峴
8058,嶰旽彜帠
8059,戞堦幚嬈
8060,僉儎僲儞儅乕働僥傿儞僌僕儍僷儞
8061,惣壺嶻嬈
8065,嵅摗彜帠
8066,嶰扟彜帠
8070,搶嫗嶻嬈
8074,儐傾僒彜帠
8075,恄峾彜帠
8076,僇僲乕僋僗
8077,僩儖僋
8078,嶃榓嫽嬈
8079,惓塰怘昳岺嬈
8081,僇僫僨儞
8084,俼倄俷俢俤俶
8085,僫儔僒僉嶻嬈
8086,僯僾儘
8088,娾扟嶻嬈
8089,僫僀僗
8091,僯僠儌僂
8093,嬌搶杅堈
8095,傾僗僥僫儂乕儖僨傿儞僌僗
8097,嶰垽僆僽儕
8098,堫敤嶻嬈
8101,俧俽俬僋儗僆僗
8103,柧榓嶻嬈
8104,僋儚僓儚儂乕儖僨傿儞僌僗
8105,杧揷娵惓
8107,僉儉儔僞儞
8111,僑乕儖僪僂僀儞
8113,儐僯丒僠儍乕儉
8115,儉乕儞僶僢僩
8117,拞墰帺摦幵岺嬈
8118,僉儞僌
8119,嶰塰僐乕億儗乕僔儑儞
8123,愳曈
8125,儚僉僞
8127,儎儅僩僀儞僞乕僫僔儑僫儖
8129,搶朚儂乕儖僨傿儞僌僗
8130,僒儞僎僣
8131,儈僣僂儘僐僌儖乕僾儂乕儖僨傿儞僌僗
8132,僔僫僱儞儂乕儖僨傿儞僌僗
8133,埳摗拤僄僱僋僗
8135,僛僢僩
8136,僒儞儕僆
8137,僒儞儚僥僋僲僗
8138,嶰嫗壔惉
8139,僫僈儂儕
8141,怴岝彜帠
8142,僩乕儂乕
8143,儔僺乕僰
8144,僨儞僉儑乕僌儖乕僾儂乕儖僨傿儞僌僗
8147,僩儈僞
8150,嶰怣揹婥
8151,搶梲僥僋僯僇
8152,僜儅乕儖
8153,儌僗僼乕僪僒乕價僗
8154,壛夑揹巕
8157,搒抸揹婥
8158,僜乕僟僯僢僇
8159,棫壴僄儗僥僢僋
8160,栘慮楬
8163,俽俼俽儂乕儖僨傿儞僌僗
8165,愮庯夛
8166,僞僇僉儏乕
8167,儕僥乕儖僷乕僩僫乕僘
8173,忋怴揹婡
8174,擔杮姠巣
8179,儘僀儎儖儂乕儖僨傿儞僌僗
8181,搶揤峠
8185,僠儓僟
8194,儔僀僼僐乕億儗乕僔儑儞
8198,儅僢僋僗僶儕儏搶奀
8200,儕儞僈乕僴僢僩
8202,儔僆僢僋僗儂乕儖僨傿儞僌僗
8203,俵倰俵倎倶俫俢
8207,僥儞傾儔僀僪
8209,僼儗儞僪儕乕
8214,俙俷俲俬儂乕儖僨傿儞僌僗
8217,僆乕僋儚
8218,僐儊儕
8219,惵嶳彜帠
8225,僞僇僠儂
8226,棟宱
8227,偟傑傓傜
8230,偼偣偑傢
8233,崅搰壆
8237,徏壆
8242,僄僀僠丒僣乕丒僆乕丂儕僥僀儕儞僌
8244,嬤揝昐壿揦
8247,戝榓
8252,娵堜僌儖乕僾
8253,僋儗僨傿僙僝儞
8254,偝偄偐壆
8255,傾僋僔傾儖丂儕僥僀儕儞僌
8260,堜摏壆
8267,僀僆儞
8273,僀僘儈
8275,僼僅乕僶儖
8276,暯榓摪
8278,僼僕
8281,僛價僆儂乕儖僨傿儞僌僗
8282,働乕僘儂乕儖僨傿儞僌僗
8283,俹俙俴俿俙俠
8285,嶰扟嶻嬈
8289,俷倢倷倣倫倝們僌儖乕僾
8291,擔嶻搶嫗斕攧儂乕儖僨傿儞僌僗
8301,擔杮嬧峴丂弌帒徹寯
8304,偁偍偧傜嬧峴
8306,嶰旽倀俥俰僼傿僫儞僔儍儖丒僌儖乕僾
8308,傝偦側儂乕儖僨傿儞僌僗
8309,嶰堜廧桭僩儔僗僩僌儖乕僾
8316,嶰堜廧桭僼傿僫儞僔儍儖僌儖乕僾
8331,愮梩嬧峴
8334,孮攏嬧峴
8336,晲憼栰嬧峴
8337,愮梩嫽嬈嬧峴
8338,拀攇嬧峴
8341,幍廫幍嬧峴
8343,廐揷嬧峴
8344,嶳宍嬧峴
8345,娾庤嬧峴
8346,搶朚嬧峴
8349,搶杒嬧峴
8354,傆偔偍偐僼傿僫儞僔儍儖僌儖乕僾
8358,僗儖僈嬧峴
8359,敧廫擇嬧峴
8360,嶳棞拞墰嬧峴
8361,戝奯嫟棫嬧峴
8362,暉堜嬧峴
8364,惔悈嬧峴
8365,晉嶳嬧峴
8366,帬夑嬧峴
8367,撿搒嬧峴
8368,昐屲嬧峴
8370,婭梲嬧峴
8377,傎偔傎偔僼傿僫儞僔儍儖僌儖乕僾
8381,嶳堿崌摨嬧峴
8383,捁庢嬧峴
8386,昐廫巐嬧峴
8387,巐崙嬧峴
8388,垻攇嬧峴
8392,戝暘嬧峴
8393,媨嶈嬧峴
8395,嵅夑嬧峴
8399,棶媴嬧峴
8410,僙僽儞嬧峴
8411,傒偢傎僼傿僫儞僔儍儖僌儖乕僾
8416,崅抦嬧峴
8418,嶳岥僼傿僫儞僔儍儖僌儖乕僾
8421,怣嬥拞墰嬥屔丂桪愭弌帒徹寯
8424,晣梪憤崌儕乕僗
8425,傒偢傎儕乕僗
8439,搶嫗僙儞僠儏儕乕
8473,俽俛俬儂乕儖僨傿儞僌僗
8508,俰僩儔僗僩
8511,擔杮徹寯嬥梈
8515,傾僀僼儖
8518,擔杮傾僕傾搳帒
8522,柤屆壆嬧峴
8524,杒梞嬧峴
8537,戝岝嬧峴
8541,垽昋嬧峴
8542,僩儅僩嬧峴
8544,嫗梩嬧峴
8550,撊栘嬧峴
8551,杒擔杮嬧峴
8558,搶榓嬧峴
8562,暉搰嬧峴
8563,戝搶嬧峴
8566,儕僐乕儕乕僗
8570,僀僆儞僼傿僫儞僔儍儖僒乕價僗
8572,傾僐儉
8584,僕儍僢僋僗
8585,僆儕僄儞僩僐乕億儗乕僔儑儞
8591,僆儕僢僋僗
8593,嶰旽俫俠僉儍僺僞儖
8595,僕儍僼僐丂僌儖乕僾
8596,嬨廈儕乕僗僒乕價僗
8600,僩儌僯儂乕儖僨傿儞僌僗
8601,戝榓徹寯僌儖乕僾杮幮
8604,栰懞儂乕儖僨傿儞僌僗
8609,壀嶰徹寯僌儖乕僾
8613,娵嶰徹寯
8614,搶梞徹寯
8616,搶奀搶嫗僼傿僫儞僔儍儖丒儂乕儖僨傿儞僌僗
8617,岝悽徹寯
8622,悈屗徹寯
8624,偄偪傛偟徹寯
8628,徏堜徹寯
8630,俽俷俵俹俷儂乕儖僨傿儞僌僗
8697,擔杮庢堷強僌儖乕僾
8698,儅僱僢僋僗僌儖乕僾
8699,俫俽儂乕儖僨傿儞僌僗
8700,娵敧徹寯
8704,僩儗僀僟乕僘儂乕儖僨傿儞僌僗
8705,擔嶻徹寯僌儖乕僾
8706,嬌搶徹寯
8707,娾堜僐僗儌儂乕儖僨傿儞僌僗
8708,傾僀僓儚徹寯僌儖乕僾
8713,僼傿僨傾儂乕儖僨傿儞僌僗
8714,抮揷愹廈儂乕儖僨傿儞僌僗
8715,傾僯僐儉丂儂乕儖僨傿儞僌僗
8725,俵俽仌俙俢僀儞僔儏傾儔儞僗僌儖乕僾儂乕儖僨傿儞僌僗
8729,僜僯乕僼傿僫儞僔儍儖僌儖乕僾
8737,偁偐偮偒杮幮
8739,僗僷乕僋僗丒僌儖乕僾
8742,彫椦梞峴
8746,倳値倐倎値倠倕倓
8747,朙僩儔僗僥傿徹寯
8750,戞堦惗柦儂乕儖僨傿儞僌僗
8766,搶嫗奀忋儂乕儖僨傿儞僌僗
8769,傾僪僶儞僥僢僕儕僗僋儅僱僕儊儞僩
8771,僀乕丒僊儍儔儞僥傿
8772,傾僒僢僋僗
8783,倎倐們
8789,僼傿儞僥僢僋丂僌儘乕僶儖
8793,俶俤俠僉儍僺僞儖僜儕儏乕僔儑儞
8795,俿仌俢儂乕儖僨傿儞僌僗
8798,傾僪僶儞僗僋儕僄僀僩
8801,嶰堜晄摦嶻
8802,嶰旽抧強
8803,暯榓晄摦嶻
8804,搶嫗寶暔
8818,嫗嶃恄價儖僨傿儞僌
8830,廧桭晄摦嶻
8835,懢暯梞嫽敪
8836,俼俬俽俤
8841,僥乕僆乕僔乕
8844,僐僗儌僗僀僯僔傾
8848,儗僆僷儗僗俀侾
8850,僗僞乕僣僐乕億儗乕僔儑儞
8860,僼僕廧戭
8864,嬻峘巤愝
8869,柧榓抧強
8871,僑乕儖僪僋儗僗僩
8876,儕儘僌儖乕僾
8877,僄僗儕乕僪
8881,擔恄僌儖乕僾儂乕儖僨傿儞僌僗
8887,僔乕儔儂乕儖僨傿儞僌僗
8891,俙俵俧儂乕儖僨傿儞僌僗
8892,僄僗僐儞
8894,俼俤倁俷俴倀俿俬俷俶
8897,俵俬俼俙俼俿俫儂乕儖僨傿儞僌僗
8898,僙儞僠儏儕乕俀侾丒僕儍僷儞
8904,俙倁俙俶俿俬俙
8908,枅擔僐儉僱僢僩
8912,僄儕傾僋僄僗僩
8914,僄儕傾儕儞僋
8917,僼傽乕僗僩廧寶
8918,儔儞僪
8919,僇僠僞僗
8920,搶徦
8921,僔乕僘僋儕僄僀僩
8923,僩乕僙僀
8927,柧朙僄儞僞乕僾儔僀僘
8928,寠悂嫽嶻
8929,惵嶳嵿嶻僱僢僩儚乕僋僗
8931,榓揷嫽嶻
8934,僒儞僼儘儞僥傿傾晄摦嶻
8935,俥俰僱僋僗僩儂乕儖僨傿儞僌僗
8938,僌儘乕儉丒儂乕儖僨傿儞僌僗
8940,僀儞僥儕僢僋僗
8944,儔儞僪價僕僱僗
8945,僒儞僱僋僗僞僌儖乕僾
8946,俙俽俬俙俶丂俽俿俙俼
8951,擔杮價儖僼傽儞僪搳帒朄恖
8952,僕儍僷儞儕傾儖僄僗僥僀僩搳帒朄恖
8953,擔杮搒巗僼傽儞僪搳帒朄恖
8954,僆儕僢僋僗晄摦嶻搳帒朄恖
8955,擔杮僾儔僀儉儕傾儖僥傿搳帒朄恖
8956,俶俿俿搒巗奐敪儕乕僩搳帒朄恖
8957,搶媫儕傾儖丒僄僗僥乕僩搳帒朄恖
8958,僌儘乕僶儖丒儚儞晄摦嶻搳帒朄恖
8960,儐僫僀僥僢僪丒傾乕僶儞搳帒朄恖
8961,怷僩儔僗僩儕乕僩搳帒朄恖
8963,僀儞償傿儞僔僽儖搳帒朄恖
8964,僼儘儞僥傿傾晄摦嶻搳帒朄恖
8966,暯榓晄摦嶻儕乕僩搳帒朄恖
8967,擔杮儘僕僗僥傿僋僗僼傽儞僪搳帒朄恖
8968,暉壀儕乕僩搳帒朄恖
8972,俲俢倃晄摦嶻搳帒朄恖
8975,偄偪偛僆僼傿僗儕乕僩搳帒朄恖
8976,戝榓徹寯僆僼傿僗搳帒朄恖
8977,嶃媫嶃恄儕乕僩搳帒朄恖
8979,僗僞乕僣僾儘僔乕僪搳帒朄恖
8984,戝榓僴僂僗儕乕僩搳帒朄恖
8985,僕儍僷儞丒儂僥儖丒儕乕僩搳帒朄恖
8986,戝榓徹寯儕價儞僌搳帒朄恖
8987,僕儍僷儞僄僋僙儗儞僩搳帒朄恖
8995,惤寶愝岺嬈
8996,僴僂僗僼儕乕僟儉
8999,僌儔儞僨傿僴僂僗
9001,搶晲揝摴
9003,憡揝儂乕儖僨傿儞僌僗
9005,搶媫
9006,嫗昹媫峴揹揝
9007,彫揷媫揹揝
9008,嫗墹揹揝
9009,嫗惉揹揝
9010,晉巑媫峴
9012,拋晝揝摴
9017,怴妰岎捠
9020,搶擔杮椃媞揝摴
9021,惣擔杮椃媞揝摴
9022,搶奀椃媞揝摴
9023,搶嫗抧壓揝
9024,惣晲儂乕儖僨傿儞僌僗
9025,崈抮塣桝
9028,僛儘
9029,僸僈僔儂乕儖僨傿儞僌僗
9031,惣擔杮揝摴
9033,峀搰揹揝
9034,撿憤捠塣
9036,搶晹僱僢僩儚乕僋
9037,僴儅僉儑僂儗僢僋僗
9039,僒僇僀堷墇僙儞僞乕
9041,嬤揝僌儖乕僾儂乕儖僨傿儞僌僗
9042,嶃媫嶃恄儂乕儖僨傿儞僌僗
9044,撿奀揹婥揝摴
9045,嫗嶃儂乕儖僨傿儞僌僗
9046,恄屗揹揝
9048,柤屆壆揝摴
9049,嫗暉揹婥揝摴
9051,僙儞僐儞暔棳
9052,嶳梲揹婥揝摴
9057,墦廈僩儔僢僋
9059,僇儞僟儂乕儖僨傿儞僌僗
9060,擔杮儘僕僥儉
9063,壀嶳導壿暔塣憲
9064,儎儅僩儂乕儖僨傿儞僌僗
9065,嶳嬨
9066,擔怴
9067,娵塣
9068,娵慡徍榓塣桝
9069,僙儞僐乕僌儖乕僾儂乕儖僨傿儞僌僗
9072,僯僢僐儞儂乕儖僨傿儞僌僗
9073,嫗嬌塣桝彜帠
9074,擔杮愇桘桝憲
9075,暉嶳捠塣
9076,僙僀僲乕儂乕儖僨傿儞僌僗
9081,恄撧愳拞墰岎捠
9082,戝榓帺摦幵岎捠
9083,恄昉僶僗
9087,僞僇僙
9090,俙倅亅俠俷俵娵榓儂乕儖僨傿儞僌僗
9101,擔杮梄慏
9104,彜慏嶰堜
9107,愳嶈婦慏
9110,俶俽儐僫僀僥僢僪奀塣
9115,柧奀僌儖乕僾
9119,斞栰奀塣
9127,嬍堜彜慏
9130,嫟塰僞儞僇乕
9142,嬨廈椃媞揝摴
9143,俽俧儂乕儖僨傿儞僌僗
9145,價乕僀儞僌儂乕儖僨傿儞僌僗
9146,屲寬摪儂乕儖僨傿儞僌僗
9147,俶俬俹俹俷俶丂俤倃俹俼俤俽俽儂乕儖僨傿儞僌僗
9149,戝桭儘僕僗僥傿僋僗僒乕價僗
9156,偼側儂乕儖僨傿儞僌僗
9158,僔乕儐乕僔乕
9159,倂丂俿俷俲倄俷
9160,僲僶儗乕僛
9162,僽儕乕僠
9163,僫儗儖僌儖乕僾
9165,僋僆儖僥僢僋
9166,俧俤俶俢俙
9167,僼僩儞姫偒偺僕儘乕
9168,儔僀僘丒僐儞僒儖僥傿儞僌丒僌儖乕僾
9169,戝怢幮
9171,孖椦彜慏
9173,搶奀婦慏
9193,搶嫗婦慏
9201,擔杮峲嬻
9202,俙俶俙儂乕儖僨傿儞僌僗
9204,僗僇僀儅乕僋
9206,僗僞乕僼儔僀儎乕
9211,僄僼丒僐乕僪
9212,俧倰倕倕値丂俤倎倰倲倛丂俬値倱倲倝倲倳倲倕
9213,僙僀僼傽乕僩
9214,俼倕們倧倴倕倰倷丂俬値倲倕倰値倎倲倝倧値倎倢
9215,俠倎俽倷
9216,價乕僂傿僘
9218,儊儞僞儖僿儖僗僥僋僲儘僕乕僘
9219,僊僢僋僗
9220,僄僼價乕夘岇僒乕價僗
9221,僼儖僴僔俤俹俷
9222,倣倎値倎倐倷
9223,俙俽俶俷倁俙
9225,僽儕僢僕僐儞僒儖僥傿儞僌僌儖乕僾
9226,傾僀僈乕
9227,儅僀僋儘攇壔妛
9229,僒儞僂僃儖僘
9233,傾僕傾峲應
9235,攧傟傞僱僢僩峀崘幮僌儖乕僾
9236,僕儍僷儞俵仌俙僜儕儏乕僔儑儞
9237,徫旤柺
9238,僶儕儏乕僋儕僄乕僔儑儞
9239,働乕僀乕僥傿
9240,僨儕僶儕乕僐儞僒儖僥傿儞僌
9241,僼儏乕僠儍乕儕儞僋僱僢僩儚乕僋
9242,儊僨傿傾憤尋
9243,晉巑僥僋僲儂乕儖僨傿儞僌僗
9244,僨僕僞儕僼僩
9245,儕儀儘
9246,僾儘僕僃僋僩儂乕儖僨傿儞僌僗
9247,俿俼俤儂乕儖僨傿儞僌僗
9248,恖丒柌丒媄弍僌儖乕僾
9249,擔杮僄僐僔僗僥儉
9250,俧俼俠俽
9251,俙俛仌俠倧倣倫倎値倷
9252,儔僗僩儚儞儅僀儖
9253,僗儘乕僈儞
9254,儔僶僽儖儅乕働僥傿儞僌僌儖乕僾
9256,僒僋僔乕僪
9257,倄俠俹儂乕儖僨傿儞僌僗乮僌儘乕僶儖乯儕儈僥僢僪丂俰俢俼
9258,俠俽亅俠
9259,僞僇儓僔儂乕儖僨傿儞僌僗
9262,僔儖僶乕儔僀僼
9264,億僄僢僋
9265,儎儅僔僞僿儖僗働傾儂乕儖僨傿儞僌僗
9267,俧倕値倠倷丂俢倰倳倗俽倲倧倰倕倱
9268,僆僾僥傿儅僗僌儖乕僾
9270,僶儕儏僄儞僗儂乕儖僨傿儞僌僗
9271,榓怱
9272,僽僥傿僢僋僗
9273,僐乕傾彜帠儂乕儖僨傿儞僌僗
9274,俲俹俹僌儖乕僾儂乕儖僨傿儞僌僗
9278,僽僢僋僆僼僌儖乕僾儂乕儖僨傿儞僌僗
9279,僊僼僩儂乕儖僨傿儞僌僗
9282,偄偪偛僌儕乕儞僀儞僼儔搳帒朄恖
9284,僇僫僨傿傾儞丒僜乕儔乕丒僀儞僼儔搳帒朄恖
9285,搶嫗僀儞僼儔丒僄僱儖僊乕搳帒朄恖
9286,僄僱僋僗丒僀儞僼儔搳帒朄恖
9287,僕儍僷儞丒僀儞僼儔僼傽儞僪搳帒朄恖
9301,嶰旽憅屔
9302,嶰堜憅屔儂乕儖僨傿儞僌僗
9303,廧桭憅屔
9304,郌郪憅屔
9305,儎儅僞僱
9306,搶梲憅屔
9307,悪懞憅屔
9308,姡婦慏
9310,擔杮僩儔儞僗僔僥傿
9311,傾僒僈儈
9312,働僀僸儞
9313,娵敧憅屔
9319,拞墰憅屔
9322,愳惣憅屔
9324,埨揷憅屔
9325,僼傽僀僘儂乕儖僨傿儞僌僗
9326,娭捠
9327,僀乕丒儘僕僢僩
9330,梘塇
9331,僉儍僗僞乕
9332,俶俬俽俽俷儂乕儖僨傿儞僌僗
9334,傾僀價僗儂乕儖僨傿儞僌僗
9335,僥僋僲僋儕僄僀僥傿僽
9336,戝塰娐嫬
9337,僩儕僪儕
9338,俬俶俥俷俼俬俠俫
9339,僐乕僠丒僄傿
9340,傾僜僀儞僞乕僫僔儑僫儖
9341,俧俤俶俷倁俙
9342,僗儅僒億
9343,傾僀價僗
9344,傾僋僔僗僐儞僒儖僥傿儞僌
9345,價僘儊僀僣
9346,僐僐儖億乕僩
9347,擔杮娗嵿儂乕儖僨傿儞僌僗
9348,倝倱倫倎們倕
9351,搶梞晆摢
9353,烴搰晆摢
9355,儕儞僐乕僐乕億儗乕僔儑儞
9360,楅梌僔儞儚乕僩
9361,暁栘奀棨塣憲
9362,暫婡奀塣
9363,戝塣
9364,忋慻
9365,僩儗乕僨傿傾
9366,僒儞儕僣
9367,戝搶峘塣
9368,僉儉儔儐僯僥傿乕
9369,僉儐乕僜乕棳捠僔僗僥儉
9376,儐乕儔僔傾椃峴幮
9380,搶奀塣
9381,僄乕傾僀僥僀乕
9385,僔儑乕僄僀僐乕億儗乕僔儑儞
9386,擔杮僐儞僙僾僩
9399,價乕僩丒儂乕儖僨傿儞僌僗丒儕儈僥僢僪
9401,俿俛俽儂乕儖僨傿儞僌僗
9404,擔杮僥儗價儂乕儖僨傿儞僌僗
9405,挬擔曻憲僌儖乕僾儂乕儖僨傿儞僌僗
9408,俛俽俶儊僨傿傾儂乕儖僨傿儞僌僗
9409,僥儗價挬擔儂乕儖僨傿儞僌僗
9412,僗僇僷乕俰俽俙俿儂乕儖僨傿儞僌僗
9413,僥儗價搶嫗儂乕儖僨傿儞僌僗
9414,擔杮俛俽曻憲
9416,價僕儑儞
9417,僗儅乕僩僶儕儏乕
9418,倀亅俶俤倃俿丂俫俷俴俢俬俶俧俽
9419,儚僀儎儗僗僎乕僩
9421,僄僰僕僃僀儂乕儖僨傿儞僌僗
9423,僼僅乕僶儖丒儕傾儖僗僩儗乕僩
9424,擔杮捠怣
9425,俼倕倄倳倳丂俰倎倫倎値
9428,僋儘僢僾僗
9432,俶俿俿
9433,俲俢俢俬
9434,僜僼僩僶儞僋
9435,岝捠怣
9436,壂撽僙儖儔乕揹榖
9438,僄儉僥傿乕傾僀
9439,僄儉丒僄僀僠丒僌儖乕僾
9441,儀儖僷乕僋
9444,僩乕僔儞儂乕儖僨傿儞僌僗
9445,僼僅乕僶儖僥儗僐儉
9446,僒僇僀儂乕儖僨傿儞僌僗
9449,俧俵俷僀儞僞乕僱僢僩僌儖乕僾
9450,僼傽僀僶乕僎乕僩
9466,傾僀僪儅儅乕働僥傿儞僌僐儈儏僯働乕僔儑儞
9467,傾儖僼傽億儕僗
9468,俲俙俢俷俲俙倂俙
9470,妛尋儂乕儖僨傿儞僌僗
9474,僛儞儕儞
9475,徍暥幮儂乕儖僨傿儞僌僗
9476,拞墰宱嵪幮儂乕儖僨傿儞僌僗
9478,俽俤儂乕儖僨傿儞僌僗丒傾儞僪丒僀儞僉儏儀乕僔儑儞僘
9501,搶嫗揹椡儂乕儖僨傿儞僌僗
9502,拞晹揹椡
9503,娭惣揹椡
9504,拞崙揹椡
9505,杒棨揹椡
9506,搶杒揹椡
9507,巐崙揹椡
9508,嬨廈揹椡
9509,杒奀摴揹椡
9511,壂撽揹椡
9513,揹尮奐敪
9514,僄僼僆儞
9517,僀乕儗僢僋僗
9519,儗僲僶
9531,搶嫗姠巣
9532,戝嶃姠巣
9533,搶朚姠巣
9534,杒奀摴姠巣
9535,峀搰僈僗
9536,惣晹僈僗儂乕儖僨傿儞僌僗
9537,杒棨姠巣
9539,嫗梩姠巣
9543,惷壀僈僗
9551,儊僞僂僅乕僞乕
9552,俵仌俙憤尋儂乕儖僨傿儞僌僗
9553,儅僀僋儘傾僪
9554,俙倁倝俠
9556,俬俶俿俴俷俷俹
9557,僄傾乕僋儘乕僛僢僩
9558,僕儍僷僯傾僗
9560,僾儘僌儕僢僩
9561,僌儔僢僪僉儏乕僽
9562,價僕僱僗僐乕僠
9563,俙倲倢倎倱丂俿倕們倛値倧倢倧倗倝倕倱
9564,俥俠俤
9565,俧俴俷俤
9600,傾僀僱僢僩
9601,徏抾
9602,搶曮
9603,僄僀僠丒傾僀丒僄僗
9605,搶塮
9610,僂傿儖僜儞丒儔乕僯儞僌丂儚乕儖僪儚僀僪
9612,儔僢僋儔儞僪
9616,嫟棫儊儞僥僫儞僗
9619,僀僠僱儞儂乕儖僨傿儞僌僗
9621,寶愝媄弍尋媶強
9622,僗儁乕僗
9625,僙儗僗億
9627,傾僀儞儂乕儖僨傿儞僌僗
9628,嶹儂乕儖僨傿儞僌僗
9629,僺乕丒僔乕丒僄乕
9632,僗僶儖嫽嬈
9633,搶嫗僥傾僩儖
9635,晲憼栰嫽嬈
9636,偒傫偊偄
9639,嶰嫤僼儘儞僥傾
9640,僙僝儞僥僋僲儘僕乕
9644,僞僫儀僐儞僒儖僥傿儞僌僌儖乕僾
9647,嫤榓僐儞僒儖僞儞僣
9651,擔杮僾儘僙僗
9656,僌儕乕儞儔儞僪儕僝乕僩
9658,價僕僱僗僽儗僀儞懢揷徍榓
9661,壧晳婈嵗
9663,僫僈儚
9672,搶嫗搒嫞攏
9678,僇僫儌僩
9679,儂僂儔僀
9682,俢俿俽
9684,僗僋僂僃傾丒僄僯僢僋僗丒儂乕儖僨傿儞僌僗
9685,俲倄俠俷俵儂乕儖僨傿儞僌僗
9686,搶梞僥僢僋
9687,俲俽俲
9691,椉栄僔僗僥儉僘
9692,僔乕僀乕僔乕
9697,僇僾僐儞
9698,僋儗僆
9699,僯僔僆儂乕儖僨傿儞僌僗
9701,搶嫗橉娳
9702,傾僀丒僄僗丒價乕
9704,傾僑乕儔丂儂僗僺僞儕僥傿乕丂僌儖乕僾
9706,擔杮嬻峘價儖僨儞僌
9708,掗崙儂僥儖
9709,俶俠俽仌俙
9713,儘僀儎儖儂僥儖
9715,僩儔儞僗丒僐僗儌僗
9716,擳懞岺錣幮
9719,俽俠俽俲
9720,儂僥儖丄僯儏乕僌儔儞僪
9722,摗揷娤岝
9723,嫗搒儂僥儖
9726,俲俶俿亅俠俿儂乕儖僨傿儞僌僗
9729,僩乕僇僀
9731,敀梞幧
9733,僫僈僙
9735,僙僐儉
9739,俶俽倂
9740,僙儞僩儔儖寈旛曐忈
9742,傾僀僱僗
9743,扥惵幮
9744,儊僀僥僢僋僌儖乕僾儂乕儖僨傿儞僌僗
9746,俿俲俠
9753,傾僀僄僢僋僗丒僫儗僢僕
9755,墳梡抧幙
9757,慏堜憤尋儂乕儖僨傿儞僌僗
9759,俶俽俢
9760,恑妛夛儂乕儖僨傿儞僌僗
9761,搶奀儕乕僗
9763,娵峠寶嵽儕乕僗
9765,僆僆僶
9766,僐僫儈僌儖乕僾
9767,擔寶岺妛
9768,偄偱偁
9769,妛媶幮
9776,嶥杫椪彴専嵏僙儞僞乕
9778,濄
9780,僴儕儅價僗僥儉
9782,僨傿乕僄儉僄僗
9788,僫僢僋
9790,暉堜僐儞僺儏乕僞儂乕儖僨傿儞僌僗
9791,價働儞僥僋僲
9793,僟僀僙僉
9795,僗僥僢僾
9799,埉忣曬僒乕價僗
9812,僥乕僆乕儂乕儖僨傿儞僌僗
9816,僗僩儔僀僟乕僘
9818,戝娵僄僫僂傿儞
9820,僄儉僥傿僕僃僱僢僋僗
9823,儅儈乕儅乕僩
9824,愹廈揹嬈
9827,儕儕僇儔
9828,俧倕値倠倝丂俧倢倧倐倎倢丂俢倝値倝値倗丂俠倧値們倕倫倲倱
9830,僩儔僗僐拞嶳
9831,儎儅僟儂乕儖僨傿儞僌僗
9832,僆乕僩僶僢僋僗僙僽儞
9835,僕儏儞僥儞僪乕
9837,儌儕僩
9842,傾乕僋儔儞僘
9843,僯僩儕儂乕儖僨傿儞僌僗
9845,僷乕僇乕僐乕億儗乕僔儑儞
9846,揤枮壆僗僩傾
9849,嫟摨巻斕儂乕儖僨傿儞僌僗
9850,僌儖儊媙壆
9853,嬧嵗儖僲傾乕儖
9854,垽娽
9856,働乕儐乕儂乕儖僨傿儞僌僗
9857,塸榓
9861,媑栰壠儂乕儖僨傿儞僌僗
9867,僜儗僉傾
9869,壛摗嶻嬈
9872,杒宐
9876,僐僢僋僗
9878,僙僉僪
9880,僀僲僥僢僋
9882,僀僄儘乕僴僢僩
9885,僔儍儖儗
9887,徏壆僼乕僘儂乕儖僨傿儞僌僗
9888,倀俤倃
9889,俰俛俠俠儂乕儖僨傿儞僌僗
9890,儅僉儎
9895,僐儞僙僢僋
9896,俰俲儂乕儖僨傿儞僌僗
9900,僒僈儈儂乕儖僨傿儞僌僗
9902,擔揱
9903,僇儞僙僉
9904,儀儕僥
9906,摗堜嶻嬈
9908,擔杮揹寁
9913,擔朚嶻嬈
9914,怉徏彜夛
9927,儚僢僩儅儞
9928,儈儘僋忣曬僒乕價僗
9929,暯榓巻嬈
9930,杒戲嶻嬈
9932,悪杮彜帠
9934,場敠揹婡嶻嬈
9936,墹彨僼乕僪僒乕價僗
9941,懢梞暔嶻
9946,儈僯僗僩僢僾
9948,傾乕僋僗
9950,僴僠僶儞
9955,儓儞僉儏僂
9956,僶儘乕儂乕儖僨傿儞僌僗
9959,傾僔乕僪儂乕儖僨傿儞僌僗
9960,搶僥僋
9962,儈僗儈僌儖乕僾杮幮
9969,僔儑僋僽儞
9972,傾儖僥僢僋
9973,俲俷倅俷儂乕儖僨傿儞僌僗
9974,儀儖僋
9976,僙僉僠儏乕
9978,暥嫵摪僌儖乕僾儂乕儖僨傿儞僌僗
9979,戝彲
9980,俵俼俲儂乕儖僨傿儞僌僗
9982,僞僉僸儓乕
9983,僼傽乕僗僩儕僥僀儕儞僌
9984,僜僼僩僶儞僋僌儖乕僾
9986,憼墹嶻嬈
9987,僗僘働儞
9989,僒儞僪儔僢僌
9990,僒僢僋僗僶乕丂儂乕儖僨傿儞僌僗
9991,僕僃僐僗
9993,儎儅僓儚
9994,傗傑傗
9996,僒僩乕彜夛
9997,儀儖乕僫
25935,埳摗墍戞侾庬桪愭姅幃
50765,僀儞僼儘僯傾丒儂乕儖僨傿儞僌僗戞侾夞幮嵚宆庬椶姅幃
94345,僜僼僩僶儞僋戞侾夞幮嵚宆庬椶姅幃
94346,僜僼僩僶儞僋戞俀夞幮嵚宆庬椶姅幃
